"","decade","ppn cm/d","eref cm/d","uns1.Qroot","uns1.Qsto","uns1.Rch","uns1.State","uns2.Qroot","uns2.Qsto","uns2.Rch","uns2.State","uns3.Qroot","uns3.Qsto","uns3.Rch","uns3.state","Qsat.inf/seepg","Qsat.drainage","Qsat.recharge","Qsat.storage","Qsat.BC"
"1",1,0.176,0.024,-0.0199564561115092,-0.0238463291905236,-0.133826041725814,26.0207133716588,-0.0240981079941268,-0.0594047149226141,-0.0930747658887629,28.9615502988789,-0.0207345697935747,-0.0734348619765666,-0.082340210861213,32.0706922026171,0.917520374515056,-1.80123987247967,3.89013147356535,0.253246840278687,-2.34615053042462
"2",2,0.388,0.027,-0.0221090257984311,0.032145987092246,-0.400325143757568,26.2919086051239,-0.0184909640910394,-0.147469467377492,-0.213603246789046,29.1115571398206,-0.0233263910177715,-0.284073514238899,-0.0815293546287169,32.0637073326979,0.867267623610881,-2.8832250877094,7.61102595814765,-1.63593463695034,-3.08268793898577
"3",3,0.08,0.038,-0.0317150781771108,-0.0456124712128435,-0.00338185732842407,26.1735816104658,-0.0381553376573674,0.140147082255824,-0.194693851416491,29.273785696056,-0.0328297355064932,0.0328577717370749,-0.0808778934697405,32.0631383477665,0.926413286842115,-2.47721681500211,3.63730305634779,1.23187382463497,-2.39657312874533
"4",4,0.09,0.035,-0.0291335523763318,0.0385492442790318,-0.102344682504717,26.0599180402104,-0.0351430741581016,0.0528549147250051,-0.111020949373782,29.1599404987752,-0.0302379142822964,0.0201860681722374,-0.0805584687822015,32.0656380764632,0.938383922021599,-2.08690419773918,3.73402538145521,0.691561645897078,-2.34059492285316
"5",5,0.049,0.059,-0.0493455532284119,0.00566243316988765,-0.00928643939716742,25.986871543308,-0.0592411821522284,0.0952699212502198,-0.090392019233019,29.0617966313933,-0.0509724840758711,0.0816449163939156,-0.0804225356225486,32.0667366314147,0.945693972087428,-1.76654749018477,2.64078119775112,1.26504816735758,-2.14222587441044
"6",6,0.56,0.047,-0.0384927626168109,-0.0674333190019863,-0.456922009559195,26.1921467301675,-0.0396443675576459,-0.392508284263147,-0.116821239952363,29.0542663245179,-0.0406051991790838,-0.439470331866577,-0.0803839958274313,32.0646450793838,0.888618702232282,-2.54528978372863,7.15718957593116,-1.62707672254331,-2.97674224820972
"7",7,0.298,0.079,-0.0651218028638745,0.0574954093059838,-0.292896247041354,26.3909062858884,-0.0738502803887947,0.0476122526545181,-0.277878443481808,29.322183401524,-0.0682512922371833,-0.150627453129893,-0.0801777973885496,32.0635689619891,0.883664593312743,-3.28141684404689,7.20559371920242,-0.848381450145042,-3.07155644993987
"8",8,0.308,0.124,-0.103170022987968,-0.0827716217500881,-0.117745717527736,26.2165124975908,-0.119539814683109,0.0101283669333547,-0.20596098629752,29.3989086426988,-0.107128610600136,-0.121565174480417,-0.0799514184950639,32.0695220464818,0.937476760428491,-2.77199639990117,4.81754699391638,0.520619468778584,-2.56790768166532
"9",9,0.012,0.215,-0.17964312216845,0.128173009379052,0.0428207138031059,26.1699521268296,-0.215878884114053,0.345574454435378,-0.152280190187197,29.2968550988947,-0.185747187734107,0.252065423344433,-0.0798985517767835,32.0776639204647,0.948084364444258,-2.45042086317778,2.75402883637341,2.06613912172999,-2.37547125211018
"10",10,0.015,0.182,-0.15306280909538,0.00532521101548146,0.131549622515165,25.8756914244446,-0.182743985622128,0.24282603902067,-0.0813093576344606,29.1472588741281,-0.157237154267941,0.221447842668849,-0.0799764051673046,32.083502890985,0.988335638769943,-1.5808889513066,1.20274995159894,2.16160683837596,-1.78851288453919
"11",11,0.117,0.165,-0.138450278070112,-0.00856438340732785,0.0285726458819123,25.757493603169,-0.165674492459622,0.0725908632376707,-0.0245946038710804,28.9821583391685,-0.142550167330826,0.105298013612011,-0.0801806370448803,32.082880144579,0.986198288698969,-1.23018645630322,1.61799333816986,1.35177851178468,-1.74198648544791
"12",12,0.092,0.209,-0.175798327810689,0.00396633137616252,0.0804171677232498,25.7209922744526,-0.209854357115521,0.112280348381058,0.00412175098851771,28.8493934922617,-0.180563545285713,0.168532782807716,-0.0804885946621654,32.0745865719625,0.977907981425407,-1.02418493283057,0.844510483805295,1.83517704563197,-1.6586317847392
"13",13,0.088,0.185,-0.155608587937618,0.0127615576021585,0.0563355965865954,25.6881802243555,-0.185756249121394,0.0750467433182343,0.0209052253486914,28.7414657348964,-0.159828975492138,0.152117258981057,-0.0809979618203071,32.059459271856,0.967094516866594,-0.881461562748961,0.91586413197232,1.61786290958634,-1.65461376062923
"14",14,0.157,0.298,-0.251174354347989,-0.00723535938895827,0.101386524298807,25.6288250485619,-0.299218174260408,0.108262579258872,0.0327280621475201,28.6518008672056,-0.25744566815167,0.182063725155454,-0.0819767944420819,32.0391642749758,0.964142937366383,-0.725171972000751,0.389654280175975,1.85951758322096,-1.52667982564683
"15",15,0.062,0.415,-0.352095531016008,0.00746404125071092,0.232769207922823,25.4572223785353,-0.416696450731776,0.305249891353128,0.0460261645636935,28.5617863281282,-0.225081085481118,0.246313343036787,-0.0836835828138023,32.0154897180715,0.977525846572511,-0.506092500800189,-0.956600888665648,2.60751561136511,-1.14876796125727
"16",16,0.194,0.311,-0.263845876792378,-0.0859698010298902,0.154277944431337,25.2990504440341,-0.312078752096266,0.053206041934272,0.0620857024977472,28.472110348073,-0.123345843484209,0.0155725990583079,-0.0865781750555121,31.9899527378947,0.985523708753687,-0.364135789704651,-0.312188038683264,1.7012741438028,-1.02677683742314
"17",17,0.002,0.351,-0.297831376048244,0.126260066277609,0.179400080504366,25.3437300227333,-0.350499941812254,0.268151084168958,0.0757360606373306,28.3999541987504,-0.171703382551092,0.260541736070646,-0.0913701716652267,31.9636091606181,0.972456276730759,-0.319371336161741,-0.589183383232754,2.03461610955813,-1.12852547978284
"18",18,0.24,0.301,-0.255024183142277,-0.139222044276208,0.0768072909502273,25.2347569097186,-0.287304924463357,-1.10373534522852,0.0702678941980291,28.3264397412427,-0.0923067964383514,-0.0488250150653992,-0.0989889029882488,31.9379994018514,0.975054787559976,-0.23980536358697,0.596371984294402,0.692503810575512,-1.04891795247452
"19",19,0.357,0.342,-0.28631759909678,0.0724693875058493,-0.14439125597726,25.642293046945,-0.339111308944299,-0.00248874800871194,-0.0195525173216594,28.3877895564094,-0.287500484471164,0.0388836706243718,-0.109036794083861,31.9155479401383,0.907807085695624,-0.587013551195569,3.80229046626884,-1.28339198964309,-1.92597435211747
"20",20,0.525,0.291,-0.241391048399355,0.00126465398438037,-0.287698635830136,25.9604440973709,-0.283975316583381,-0.202346900446803,-0.0433499967618969,28.5279958057943,-0.250220512282203,-0.155555266146363,-0.119806573883856,31.9004531212336,0.855046733405092,-1.39901629170629,5.62258822272228,-1.69523294693865,-2.51897641757978
"21",21,0.379,0.279,-0.232058434269698,-0.00592092520799479,-0.142445904032441,26.0451427642348,-0.272987637600081,-0.0254271561906202,-0.0820593432215793,28.6671812062238,-0.241039373850306,-0.0102598346376407,-0.128249206650257,31.8943158084961,0.845282826625674,-1.60069679313958,4.80282924737816,-0.77504617984261,-2.42523830957329
"22",22,0.055,0.275,-0.231456092221335,0.0166926430825827,0.158467767627325,25.8783075538559,-0.27612415409937,0.294411485904719,-0.0772758944901532,28.7087309439257,-0.237583612218043,0.314205858597874,-0.132734937987614,31.8967416655537,0.889462592353991,-1.17605889431754,1.98804365638448,1.00628659798648,-1.82181408601257
"23",23,0.588,0.218,-0.180988728407582,-0.145218007139896,-0.261598789353141,25.8034461953114,-0.204389026165743,-0.355444838675406,-0.028179277222774,28.6665899270692,-0.188339008958303,-0.266651654388661,-0.133537623804026,31.9037596137174,0.891073884748443,-1.1905581744598,5.50431811219951,-2.14810116255591,-2.1596815268774
"24",24,0.036,0.278,-0.232568486909168,0.164635947836525,0.0243516110647799,26.0919969792184,-0.278443453623458,0.284482943363542,-0.0471939875189369,28.7107046308529,-0.24017543344224,0.334415743368184,-0.131058853888242,31.9115091171584,0.862866939741647,-1.67513222488067,2.92698657180797,1.10617872702646,-2.35966606475077
"25",25,0.281,0.22,-0.184129640666133,-0.0661199880299685,-0.0356154304777585,25.864576168483,-0.220899323279496,-0.0187177800317493,-0.0450162032873798,28.6982527752635,-0.190066889774435,0.0352366888872709,-0.126579967826774,31.9187990673106,0.895023848200206,-1.17097627440977,3.38312760943087,-0.220046421193383,-1.99279423034135
"26",26,0.552,0.166,-0.136517950363914,-0.0203442265657316,-0.405191206008632,26.12031339519,-0.144921013955501,-0.364964780846252,-0.0447219881683576,28.7282212771518,-0.143414107738892,-0.288467278711382,-0.120953775825433,31.9241920140685,0.847081917431273,-1.96856787401505,6.77608383984131,-1.95941251546921,-2.84162966487206
"27",27,0.134,0.159,-0.132471361841758,0.0617912764701929,-0.06427764558762,26.1741388017593,-0.15606049539625,0.163772798428122,-0.150623719678566,28.8775543213574,-0.137366524882432,0.116941697788346,-0.11491624201679,31.9291550599429,0.854653268425424,-2.11054130526756,4.4727154469249,0.175089312131423,-2.53784032836089
"28",28,0.518,0.105,-0.086813522390362,-0.141766286670959,-0.295718133073092,26.0885883280522,-0.0982953277173348,-0.2976357584562,-0.124013786608311,28.9386788931451,-0.0907137428468893,-0.319156430341778,-0.109049478960169,31.9364015693223,0.869443266484287,-2.07632467344962,6.28513810921192,-1.59125221027442,-2.6108550128025
"29",29,0.049,0.113,-0.0939939111620513,0.136038626657337,-0.0968774294900476,26.2278846264608,-0.112006593801027,0.246945452270339,-0.195439987418425,29.0663590047301,-0.0976252661114141,0.150627305661976,-0.103055849695129,31.9453327797044,0.870258333192964,-2.47675355707431,4.98761330998057,0.135241314074978,-2.64649914811203
"30",30,0.151,0.072,-0.0600874474142774,-0.0190104446619991,-0.0756655654539807,26.0319066205917,-0.0722943239823804,0.0436365623968885,-0.129600554406587,29.0662031582171,-0.0622037093807241,0.00738584493285305,-0.0974178265434623,31.9565786191616,0.913129144266509,-1.94218970096548,4.01196185348347,0.195015234942406,-2.2672362726465
"31",31,0.204,0.058,-0.0481819923684254,-0.0134501136140183,-0.14515021298678,26.059582927543,-0.0582370943191398,-0.0465498306096864,-0.101270283429838,29.0050921768608,-0.0501085436678055,-0.0621007377572923,-0.0923238906085675,31.9659151605425,0.904178235854589,-1.9558651980272,4.28432802135981,0.0735996242672944,-2.41097812648592
"32",32,0.157,0.031,-0.0257697697034349,-0.00406126996851409,-0.132648694214853,26.0469841543656,-0.0311267228257471,-0.0210212653347471,-0.106493962409796,28.9812613069507,-0.026782152650034,-0.0431078854494302,-0.0875877300241018,31.9718285809056,0.905253665999234,-1.89427696879828,4.12072943980479,0.152316094521983,-2.38211029292618
"33",33,0.417,0.028,-0.0231352793043258,-0.0598619524487596,-0.335615612436913,26.1539606633099,-0.0257906044907391,-0.251742809913226,-0.138336449627723,29.0143286337082,-0.0241903314258371,-0.310517094311063,-0.083202154468346,31.9744136923728,0.879800593275699,-2.32846940813167,6.27766784420719,-1.17162260597655,-2.77262242478786
"34",34,0.147,0.016,-0.0132130043872453,0.0675513425586785,-0.209219426472286,26.3214527462131,-0.0140514981311885,0.135792734227862,-0.278558156919308,29.2690863465155,-0.0138230465290498,-0.0551853467827044,-0.07888216403994,31.9775436100054,0.880358724698334,-3.00937745828429,6.39085036464664,-0.494029715056862,-2.88471287618207
"35",35,0.678,0.013,-0.0105897507502578,-0.0597387335666529,-0.611577088725858,26.4510059643973,-0.00743145409972199,-0.215846187636416,-0.430406528710814,29.5461640137781,-0.011231225304853,-0.592724174559672,-0.0748024566103378,31.9862791104156,0.884024136649905,-4.02124311698483,11.6487707516035,-4.12853423043808,-3.48349881902116
"36",36,0.152,0.015,-0.0123435527789016,0.0399679333627839,-0.18565860185169,26.6622064114029,-0.0144010250202586,0.199530026983344,-0.347978612208943,29.9654522314025,-0.0129591061209842,-0.0698939706539211,-0.0707017244268335,32.0096603131054,0.922824231652409,-4.66147383447406,6.69371689599305,1.22967036278743,-3.26951771717766
"37",37,0.587,0.017,-0.013860212747916,-0.0746277413197408,-0.501873377229529,26.4831489588026,-0.00879870481695639,-0.248886871448183,-0.312026143109297,29.7420001575704,-0.0146869869371154,-0.50595073847341,-0.0672913507334638,32.0387866591625,0.935260201715055,-4.11120329241181,9.26845087235786,-1.80183336854098,-3.34934114399677
"38",38,0.097,0.022,-0.0181644779719849,0.037751714966718,-0.124089467679151,26.6130461436532,-0.0215576304693209,0.251781503268084,-0.336382993641719,30.0027654884331,-0.0190066889774435,-0.015132263670192,-0.0640724191945795,32.0717599443389,0.960132488931037,-4.48689116426099,5.8569035679726,1.76711115571451,-3.14477308309428
"39",39,0.363,0.026,-0.0212693365084597,0.0387485588869898,-0.386550038001387,26.5409186816945,-0.0180849816656684,-0.058055685335001,-0.297932045604117,29.82971198991,-0.0224624506097059,-0.27995268803393,-0.0613580783210179,32.1028671054795,0.95323362064386,-4.22769302374705,7.91021174473423,-0.349154607280067,-3.33174097825017
"40",40,0.316,0.028,-0.0230745757353986,-0.0390762738915831,-0.257843823775641,26.3924297475573,-0.0241803245166694,-0.0704565516416668,-0.228289475370622,29.7511880360994,-0.0241903314258371,-0.23393729002779,-0.058787036279769,32.1290324056145,0.980409965521127,-3.62326407174659,5.93811388289783,0.635013509631953,-2.95225420962396
"41",41,0.141,0.066,-0.0546540881631279,0.0445047616920812,-0.137047549833063,26.35023914859,-0.0658761655668642,0.151604091618001,-0.23642351039709,29.6659962826716,-0.0570200669323304,-0.0284523670479841,-0.0565236479872201,32.1467515553324,0.983036042707729,-3.35653825270762,4.82543731576802,1.32447061859697,-2.7972539647784
"42",42,0.019,0.079,-0.0659634965525876,0.0405422878988869,0.00536378275487262,26.1814987688768,-0.0793229388140007,0.212147370332217,-0.163983374894904,29.5237594666059,-0.0682512922371833,0.101966334291871,-0.0544260892096605,32.1556496245191,1.00130906420953,-2.68243375457237,2.7048536752347,2.3643000785799,-2.39298297754733
"43",43,0.017,0.091,-0.0762481480432324,0.000918683739464648,0.0588367288095242,25.9626363406284,-0.0913719928110641,0.161637117806601,-0.0978099672205335,29.334518778999,-0.0786185771339707,0.113162181796688,-0.0526057680150394,32.1538245812215,1.01669022860846,-1.93844479144982,1.49761021926194,2.42900146902204,-1.99346729266844
"44",44,0.321,0.092,-0.0765497457019805,-0.0828091782747623,-0.163487197586253,25.9431542897256,-0.0922617438281578,-0.180735455485555,-0.0498788957442494,29.1619625334809,-0.0794825175420363,-0.191190076206618,-0.0511661771066663,32.1407480901869,0.987133049799384,-1.7962302859288,3.10089603096718,0.919150743677429,-2.224523579258
"45",45,0.03,0.114,-0.0952391672927543,0.0814572908656745,-0.018139073932528,26.011614034425,-0.114466012972102,0.131317689130765,-0.0507455699775753,29.0545835181682,-0.0984892065194798,0.118163343720587,-0.0509924689505227,32.1176978756335,0.961519620319348,-1.77856925909775,1.72509983683396,2.26602887478521,-2.2166746283225
"46",46,0.358,0.128,-0.106082305942281,-0.0440127792748793,-0.215045111218439,26.0297940493492,-0.125825304057001,-0.179160385871616,-0.0578557614521875,28.9909209373848,-0.110584372232398,-0.190849429855475,-0.0576416883355784,32.0891696254772,0.934654999524222,-1.8634201835352,3.80324695167233,0.506813939709021,-2.45123807859166
"47",47,0.035,0.224,-0.188043581890335,0.0332191590900567,0.119235716312282,25.9498798205965,-0.22491567461185,0.259404403011069,-0.0723594505998578,28.9574106441056,-0.193522651406697,0.246017926678457,-0.0891911215744439,32.0644319784347,0.948195192879229,-1.52769491447094,1.41909014079226,2.07202063619557,-1.96816535085198
"48",48,0.131,0.297,-0.250504575180791,-0.0117820019096302,0.129977825833107,25.7114563835544,-0.298214086427319,0.197966566743349,-0.0323514236092425,28.8670247562262,-0.256590301195487,0.282144093345604,-0.157918907548719,32.0598020102739,0.976921190714761,-1.03758135978639,2.325547071743,0.282179038323298,-1.57217627967022
"49",49,0.333,0.267,-0.222759877508846,0.043742928851812,-0.1584780230132,25.8236157342044,-0.267103841636259,-0.0742434834031158,0.00643133827791959,28.7906022796479,-0.230672088953518,0.116480276873279,-0.219225693539918,32.0828944593696,0.949501183659041,-1.21581202109589,5.93473469366391,-2.60675877002362,-2.10833890183953
"50",50,0.137,0.396,-0.334755405131605,-0.0157503567226563,0.219076484765046,25.7164047968676,-0.397618781903092,0.243589259421232,0.0155637356268044,28.7319396423856,-0.342120401593982,0.443278008531126,-0.23922420795665,32.1201543420196,0.975117851462029,-0.870770025335269,2.66627091929743,-0.282943244123484,-1.51503840083572
"51",51,0.048,0.357,-0.302785648748486,0.0109292143928057,0.243693857140916,25.5206832951237,-0.358459356412636,0.274047973240043,0.0327617144196558,28.6556847985879,-0.290911424002826,0.476757581806678,-0.234691508611262,32.15591265294,0.999440202635287,-0.619414111231273,2.1674597775299,-0.32670923725315,-1.22318033025941
"52",52,0.188,0.343,-0.290518056659591,-0.00506001733876761,0.104368769289228,25.3553131570305,-0.344402126749396,0.100960013873377,0.0528954313061531,28.5768659490304,-0.185438547448698,0.218718108273392,-0.221631978226927,32.183649914882,1.01555873004685,-0.462035338588052,3.0220746687235,-1.40776096329846,-1.15114030536338
"53",53,0.024,0.348,-0.295897460818435,0.0282528148314324,0.2536687702169,25.3449689766948,-0.349220833817131,0.252833219155077,0.0690413913731805,28.5158566830046,-0.159318940193508,0.341037107171471,-0.206325044676053,32.2020905024166,1.01803547154218,-0.392656840391146,1.1283808566915,0.283102802779232,-1.02064864167448
"54",54,0.125,0.281,-0.238466708745616,-0.0391965174189027,0.151489447992906,25.2135846126911,-0.276756625394355,0.0675561623665538,0.0799191782902279,28.44872985037,-0.0965767189012143,0.160920720492074,-0.191625492345067,32.2115480161441,1.02895735170495,-0.295979732103734,1.6890539612261,-0.456027536772203,-0.936909991458912
"55",55,0,0.501,-0.425777854241276,0.0543342672299062,0.193169558776571,25.2156836604922,-0.45467042041627,0.369241193596723,0.0886428215999566,28.394452435137,-0.100015793919422,0.275123249028469,-0.178046389352763,32.2132968543135,1.02791707484007,-0.254564285622496,0.927478468520415,0.265891952831624,-0.939597332558047
"56",56,0.076,0.395,-0.336791191063131,-0.00272744573513977,0.25144800613728,25.1164927378874,-0.285459795772224,0.110532997631582,0.097942945167721,28.3415137646488,-0.0854540244134576,0.170553698850861,-0.16628633166699,32.2086551313742,1.03617124695207,-0.196631604735988,0.0397258985981496,0.893016560890475,-0.737598392921569
"57",57,0.001,0.45,-0.384818391836666,-0.00315156397923368,0.309904875753021,24.9891308325634,-0.254112306499613,0.145192574079866,0.10529435838848,28.2835269177785,-0.0302895097277845,0.176223756388199,-0.155481780053456,32.1986473576413,1.04774987428947,-0.14013857056516,-0.810644916849709,1.4557644355566,-0.507100431507922
"58",58,0.396,0.43,-0.362436115297049,0.00945951906909945,-0.044775863389824,25.1788337928898,-0.356048335640575,-0.151172902727966,0.11081359496054,28.2369545056128,-0.319690638067568,0.0689754141022995,-0.145657269821419,32.1841069626076,1.02526987193894,-0.140427290618345,2.30248291713976,-0.928114867395682,-1.23132085158401
"59",59,0.226,0.344,-0.291736151036568,-0.0782754113466773,0.0969633199397965,25.1829036566095,-0.27783933503346,-0.0641026978034548,0.115146367470316,28.2047220610775,-0.186244848966247,0.0966731029456838,-0.1364994940247,32.1657545146667,1.02088150767828,-0.125798221942089,0.724821964503486,0.420764971811637,-1.02022117024568
"60",60,0.107,0.27,-0.228473696531431,0.0164334382987918,0.102850449788768,25.287570849696,-0.237280904685045,0.0117222989018748,0.117383178457019,28.1802075976251,-0.172674915957976,0.193325929316863,-0.128463397488678,32.1442697255084,1.00707367761476,-0.130196113547316,0.481802466612426,0.830690030735904,-1.18898260113278
"61",61,0.303,0.226,-0.189361630519979,0.0177737170499889,-0.13523145398754,25.4279334967214,-0.213596481275128,-0.20808934560645,0.117629652164689,28.1660086357793,-0.174460630509,-0.00797794978437002,-0.121038047281798,32.1203235996289,0.988646191793209,-0.166197850632903,2.58907929857951,-0.785832250673507,-1.63486705797366
"62",62,0.187,0.197,-0.165331283580905,-0.010160410507253,-0.0133390174988213,25.5858038028299,-0.194968636418741,-0.109946707204142,0.11618750279425,28.1722288862219,-0.163412138033606,0.0902277996375574,-0.114203837979392,32.0943309791541,0.970645608470805,-0.227253930109532,1.30536538832665,0.616586804473566,-1.69569115273965
"63",63,0.172,0.222,-0.18763870308311,-0.092401716585133,0.112347588990806,25.4857043941935,-0.220480445999935,-0.062760152245971,0.114717830869228,28.1662672101483,-0.18406569169906,0.119028337277644,-0.108217543486787,32.0670764633339,0.968151105140225,-0.198104528522901,0.00325912194675567,1.56495135234275,-1.37187382634677
"64",64,0.141,0.153,-0.128130877265427,0.0749550947429033,-0.088782796107413,25.6240481034729,-0.153576713653285,-0.0987824194407772,0.111358448412692,28.1634693327995,-0.128674560179942,0.0895254695543508,-0.102577821013269,32.0389947734124,0.952530177154747,-0.268979625555928,1.83213913457465,0.268752347605433,-1.832747089132
"65",65,0.026,0.166,-0.139866638950941,0.0351640644572911,0.0809015304394104,25.5735628052731,-0.16667858029271,0.0352803597320393,0.106939950767225,28.1617852832419,-0.140666300037446,0.210904449325452,-0.0972681798230265,32.0105108265803,0.948928810683659,-0.240644783332028,0.155390031313133,1.61064289855363,-1.53413515865994
"66",66,0.01,0.138,-0.116609178983077,-0.0108199300529074,0.117906366401688,25.4483937348419,-0.138338589102384,0.0241304746667037,0.100981313612026,28.1455948323234,-0.113167511062288,0.194922398139639,-0.0925410911278802,31.9818788635176,0.94995613909247,-0.185122589329206,-0.233469093468567,1.71831125488148,-1.31158981261778
"67",67,0.243,0.048,-0.0401701668387293,-0.0784102812377142,-0.123898714966472,25.4849032284438,-0.0480222902455361,-0.619429577943504,0.0952537243030507,28.1337107269604,-0.0383485574681842,-0.116990461589546,-0.0881947473591617,31.9533658083134,0.940687123560995,-0.205500798574072,2.03204604951862,-0.18171554482282,-1.64419860439698
"68",68,0.099,0.061,-0.0511034812220678,0.00377654318946545,-0.0544909847600333,25.688353564407,-0.0612493578184056,-0.104331013214574,0.065515750022013,28.1633649194782,-0.051594742655167,0.0358107296121541,-0.0840532339203942,31.9249177131231,0.919914929700916,-0.347611581805533,1.58519447909095,0.628065046617971,-1.86869923271591
"69",69,0.056,0.044,-0.0367919119179394,0.0520637121067184,-0.0731645972719197,25.7629196423106,-0.0441798646558991,-0.0552896643352358,0.0425324678167916,28.2188011314232,-0.0379312367150298,0.0615124903421374,-0.0801008741027786,31.8976022702147,0.899089620002297,-0.513598211539698,1.91148755030167,0.560674628411774,-1.9652352581638
"70",70,0.069,0.021,-0.0175814424718958,-0.0152329256420977,-0.0374030508964219,25.7420613049447,-0.021085844494861,-0.0826162654986109,0.0325734959910217,28.2570096692941,-0.0181427485693779,0.0249494924934045,-0.0764493731466896,31.8719831922292,0.888109505295441,-0.52800486998201,1.59650019017411,0.791831809319738,-1.87051469776492
"71",71,0.464,0.025,-0.0205770280324238,-0.0448126262071365,-0.402694184748964,25.9339390324527,-0.02317289189763,-0.462928923176203,0.0196986005304364,28.3176650324247,-0.0215985102016403,-0.369858767641356,-0.0731042081373645,31.8479123655193,0.858476748044544,-1.12145795551229,5.12722801987029,-1.42774018728227,-2.57107779399954
"72",72,0.198,0.016,-0.0132911920091306,-0.0570250043822977,-0.132766222265192,26.1227063526525,-0.0157561167330239,-0.130928966815569,-0.0541426717528695,28.4654587466305,-0.0138230465290498,-0.115181710919911,-0.0697419539015228,31.8262333772492,0.82205146960058,-1.58750634047657,3.2324181423841,0.925307336131143,-2.57052137696786
"73",73,0.285,0.018,-0.014764966893791,0.0969844901530381,-0.373071087081102,26.3175974902949,-0.0133798371573836,-0.0402777073079232,-0.244200181987197,28.8069784234956,-0.015550927345181,-0.204045240121046,-0.0665569306862494,31.8108916965919,0.77804797987124,-2.6995144995646,7.35125578301659,-1.52758315223192,-3.11442780131012
"74",74,0.283,0.02,-0.0165379916660136,-0.0467360964911021,-0.221472146999896,26.2060202444029,-0.019160323369562,-0.0695906760129072,-0.199336234534352,29.0127961303931,-0.0172788081613122,-0.203342385400638,-0.0634858278485929,31.8075664477476,0.827769888630104,-2.46995682613829,5.39926185312835,-0.232034827781444,-2.69592253281147
"75",75,0.315,0.026,-0.0213884670625061,0.0409310563581547,-0.339826964112931,26.3581726223128,-0.0217370207388304,-0.00527305035380165,-0.289450922902866,29.1692225323114,-0.0224624506097059,-0.232981134830513,-0.0606452417302214,31.8128530389871,0.825107531352862,-3.13383151428982,7.36686735650646,-1.1460687173506,-3.08108578557253
"76",76,0.233,0.025,-0.0206900989130497,-0.0241697584239467,-0.189488041478286,26.2852122211116,-0.0246779879138032,0.0252198606047696,-0.236992800075004,29.296359671134,-0.0215985102016403,-0.153727872688484,-0.0579460514863003,31.8274251585582,0.870960228993881,-2.93248890591007,5.3585061995763,0.335170853147676,-2.76237423433697
"77",77,0.263,0.032,-0.0264118061176919,-0.00593695227552066,-0.24108270609272,26.2686914939927,-0.0299389066084837,-0.0305823559770636,-0.211018073603717,29.2573209702053,-0.0276460930580996,-0.180629358638061,-0.0555570134850258,31.8450923763483,0.879609235248137,-2.849108599715,5.53990866637739,0.11719501098975,-2.807700774877
"78",78,0.183,0.081,-0.0671785431859294,0.0598004603337492,-0.182779151093972,26.363145525743,-0.072661496144763,0.179690652266176,-0.300067030583685,29.4006854301034,-0.0699791730533146,-0.0606728569839729,-0.0532991763814773,31.8638342287635,0.883665718585875,-3.26721324189922,5.83042551341162,0.342836972262331,-2.90514051046776
"79",79,0.046,0.105,-0.0878790352697268,-0.00843984448219915,0.0523284975473442,26.0872059255664,-0.105429222474305,0.201533772779304,-0.151007957522665,29.3060176405944,-0.0907137428468892,0.0945639427332346,-0.0512991152806603,31.8828065611649,0.942343753342215,-2.27159219176444,2.06477705581014,2.38345148348844,-2.18289690539959
"80",80,0.623,0.072,-0.0593483201874071,-0.169244133646172,-0.390475651154175,26.0362782772143,-0.0596158433008577,-0.460188096173781,-0.0796159330409467,29.112433986618,-0.062203709380724,-0.511746835534612,-0.0495754720785021,31.8948397695661,0.915599691709402,-2.16678368672823,5.52228103565608,-0.744194606519005,-2.60511447294341
"81",81,0.364,0.091,-0.07451686478656,0.163846768831928,-0.459749655963515,26.6346906021035,-0.0533943086252158,0.114607000989919,-0.429615596127488,29.538382083517,-0.0786185771339707,-0.238935234829387,-0.0477022640266203,31.9022769713756,0.847471142096149,-4.39753999250689,9.6429306891853,-1.58708193376339,-3.64798477617372
"82",82,0.054,0.165,-0.137731771258553,0.0322607084622737,0.0532557124277556,26.3436844752214,-0.165674492459622,0.311578744188858,-0.209236054347482,29.616948058097,-0.142550167330826,0.13312550350732,-0.0458351227221177,31.9170799664808,0.938922380652786,-3.25700852139137,2.52640413064629,3.26280809379247,-2.54220027669365
"83",83,0.037,0.2,-0.168027963031944,0.0159982830343479,0.119095301635042,25.9956700520669,-0.200817566617723,0.248495676820446,-0.0889465097554131,29.3078157712557,-0.172788081613122,0.179019096592545,-0.0443288059966587,31.9286417815019,0.978366123838607,-2.00428179641206,0.666805095756127,3.29440732194251,-1.96436005182926
"84",84,0.014,0.277,-0.234014875923666,0.021547705325904,0.201565999271581,25.7601963349706,-0.278132329765547,0.290291081283158,-0.0280903212246331,29.0655136283857,-0.238488696221617,0.266867367389957,-0.0430460754864716,31.9313043733429,0.992222520984189,-1.28895932280882,-0.751731752664949,3.58200368617892,-1.54780000750487
"85",85,0.132,0.279,-0.235927258314946,-0.0304486978867383,0.138190160254169,25.5481276143943,-0.280140505431724,0.130602516178406,0.0138890035162105,28.8672984466578,-0.216781662191691,0.126165994674382,-0.0418745651954916,31.9227888107881,0.996521760492159,-0.859737855410405,-0.593531901925481,2.7757141155075,-1.32621861007999
"86",86,0.152,0.203,-0.17094447048426,-0.0373221438028063,0.0581425586187766,25.5440918053011,-0.203829830116989,0.0103250152418006,0.0410374101679331,28.7166763013513,-0.170403787363137,0.058872321411083,-0.0407426939658736,31.9036937029277,0.973731746650566,-0.72054832718225,-0.127779405806027,2.29571990170866,-1.44985875020261
"87",87,0.008,0.304,-0.257322034183855,0.0543521877956155,0.193616778648737,25.5210184652012,-0.30524270125894,0.240692693192678,0.0548305180731158,28.5985524429371,-0.178994029681736,0.210295618481392,-0.0396521749286857,31.8759649696684,0.961265504460139,-0.580353202621503,-1.57519398739596,3.44841115258579,-1.29741671203708
"88",88,0.119,0.282,-0.238983354828477,-0.0331948334778564,0.153448869826125,25.3634561786558,-0.283145425883773,0.0967264334861394,0.0649169496589558,28.488353292073,-0.0993466282409886,0.0185311131995553,-0.0385875056055564,31.8418820617478,0.964837048532798,-0.403973573235992,-1.31628437509987,2.82961706949071,-1.11236923455445
"89",89,0.132,0.371,-0.314890717676814,-0.00226406534296286,0.184915289436807,25.302969390882,-0.370822622350071,0.160925887799174,0.0745775572047431,28.3952257448559,-0.169195225237885,0.0743711441185866,-0.0375410114474176,31.8031750314266,0.9595583540201,-0.307887213907863,-1.73331708552679,3.07102879291612,-1.0331034431426
"90",90,0.344,0.371,-0.311908502330783,0.00586039311910206,-0.0459912263788753,25.4317872989993,-0.3721945312979,-0.0581900445916975,0.0848661746309222,28.3222158667562,-0.290966869872516,-0.016990011678951,-0.0366067025999477,31.761103313676,0.92903352592933,-0.309735066290284,0.338386872464902,1.47935311017499,-1.50784440194603
"91",91,0.074,0.478,-0.405510739431782,0.0624179187504034,0.199814542459436,25.4291016715967,-0.475182656672299,0.302795289706815,0.0927840735879541,28.2646429256284,-0.25620227982854,0.217119229380997,-0.0356280343663057,31.7166706308853,0.920788389841825,-0.256844810818202,-2.09619171087872,3.55978371691927,-1.21082195963882
"92",92,0.022,0.367,-0.312083443297698,-0.0247435770078187,0.233172241698969,25.2463973708922,-0.322035255476061,0.196041717433538,0.0982595189157114,28.1958580066769,-0.0384251260230544,0.051304783308126,-0.0349786223881665,31.6711207935037,0.929127915456329,-0.164549209751275,-2.48119158519929,3.54969806823172,-0.907768602711595
"93",93,0.064,0.26,-0.220833089984814,0.00843055706951493,0.149707335285017,25.1565019822407,-0.214263013364479,0.0436513338616745,0.103369310466371,28.1257058522402,-0.0794469851917306,0.0503665230284097,-0.0351089850168564,31.6249803247275,0.930054086950703,-0.108716280032797,-1.73665798466874,2.75431397348932,-0.911259933329812
"94",94,0.04,0.433,-0.36949013875828,0.0146073631572635,0.265681084030507,25.080252895864,-0.297293236543481,0.154331371307807,0.106769112230396,28.0603460285192,-0.054650064908717,0.0513222592990022,-0.0371205067242523,31.5790061606828,0.932894076474229,-0.0668560646195218,-2.83126347739839,3.5968794387817,-0.702523157013067
"95",95,0.015,0.292,-0.249512374361454,-0.0151046824875654,0.254607865854606,24.9337611570966,-0.151677295242149,0.0283841948330418,0.110720669117041,27.9895134822145,-0.0252675761609353,0.0522532899931195,-0.0428386318528024,31.5344046998734,0.942340368347101,-0.0338028640232158,-2.6483831301241,3.19808042899417,-0.518977965616514
"96",96,0.446,0.234,-0.197541682880134,-0.162565310370947,-0.088384921389738,24.9994660266155,-0.175172606033773,-0.382723758484691,0.113059293233213,27.9242436910304,-0.142693925330104,-0.250078704475293,-0.0534975448052457,31.4926977427117,0.929001195253293,-0.0194309897432393,0.805359469442465,0.232448126618794,-1.01600235657277
"97",97,0.056,0.356,-0.301240570566852,0.149878194215826,0.0887112812474103,25.3186011246961,-0.331507793820916,0.15979055718969,0.113941407039177,27.8959703633964,-0.282451105378651,0.294517249496825,-0.0686757603052278,31.455650557571,0.899832054498772,-0.0252479730120577,-0.574892410421106,1.92892738411727,-1.33035504439825
"98",98,0.248,0.232,-0.195336222436723,-0.045402478675942,-0.0101658123779922,25.2949850031375,-0.220140721232524,-0.143945416419542,0.114501644111803,27.8729474104256,-0.180154488940596,0.0156191521852704,-0.0839686443283802,31.4248449270717,0.8915091813933,-0.0226037753261196,0.672357133768022,0.659532989442678,-1.32011400733287
"99",99,0.329,0.189,-0.158323533103399,-0.0426416146366231,-0.13557875133047,25.4499152924126,-0.186961633443053,-0.257686023691861,0.114496917881207,27.8650042350405,-0.155339943300284,-0.0789734149599863,-0.0952148337709341,31.3994956932987,0.87382408700151,-0.0316348508695518,2.09442195885241,-0.379696592155894,-1.68224597744341
"100",100,0.211,0.165,-0.13868373127788,-0.0230620788988594,-0.0494562450149636,25.5236668108217,-0.165622493754797,-0.159996368413518,0.112184846433564,27.8707738197894,-0.140718518090313,0.0301614976827197,-0.100978571200321,31.3777573046056,0.862365292441479,-0.0463733190739086,1.41746496551979,0.287957071834927,-1.66115495900451
"101",101,0.967,0.11,-0.0883570869141913,0.0139824080820534,-0.898699501570216,26.3269979357094,-0.102258645070964,-0.972122784520956,0.10607474322256,27.9699709671396,-0.0950213227360039,-0.770519533561559,-0.102138316664996,31.3580491365194,0.844489303420364,-2.10534166109955,9.57073349909306,-3.56206848824803,-3.89097568095367
"102",102,0.475,0.08,-0.0655853122826951,-0.0506618441948306,-0.365082937574361,26.5239470288685,-0.0675649825714881,-0.411546971386358,0.000320690128430163,28.205305819311,-0.069115232645249,-0.306775407339029,-0.100185422547849,31.3405924398755,0.780367578756212,-2.52044152767103,5.51880199266003,0.423764338625903,-3.42183217888443
"103",103,0.122,0.079,-0.065554772897427,0.0796400341224215,-0.143678601387095,26.3002346268819,-0.07932259404668,0.141711196394727,-0.191786769028081,28.5262647950235,-0.0682512922371833,0.0418774896653528,-0.0966562262441211,31.3312852931282,0.720122524856548,-2.21875930125736,5.26454272499495,-0.220326373656681,-2.82412735515992
"104",104,0.172,0.064,-0.0532914433096707,-0.012191834837764,-0.109417813291339,26.0562422048685,-0.0642616213176715,0.0318456633457566,-0.146902723216071,28.6522600767846,-0.0552921861161992,-0.0254877072919245,-0.092422959726971,31.3346819572881,0.766169249053476,-1.68707604800552,4.40331834648757,-0.350140475551864,-2.36534552519488
"105",105,0.051,0.041,-0.0342017484631488,0.0309028901254874,-0.0529345188057677,26.014200847442,-0.0411676011566333,0.0998308348850845,-0.115863720421241,28.6493914224074,-0.0354215567306901,0.0713465134702981,-0.0880943817990681,31.3451622319943,0.787888330383318,-1.53582095277531,3.46749763053515,0.328666997832824,-2.26166746447907
"106",106,0.388,0.03,-0.0247458396171969,-0.00948950961445951,-0.359442703982604,26.2259791333542,-0.0273580856047628,-0.168441574536047,-0.181858418145829,28.7581468502376,-0.0259182122419684,-0.279063417535656,-0.0839062730464259,31.3587905138961,0.753068724545987,-2.39426216192652,6.9538047280216,-1.59982820010168,-2.95221078547489
"107",107,0.287,0.029,-0.023995251401285,-0.0662829200569409,-0.201926799202382,26.2245341662948,-0.0280539144534104,-0.0599982698740164,-0.206129545351136,28.9177229526995,-0.0250542718339027,-0.183145382304969,-0.079717316711318,31.3764931033534,0.786719303648543,-2.42402611513073,5.61421145112997,-0.46503142633804,-2.72393326047354
"108",108,0.259,0.02,-0.0165045356228559,0.0238777396012432,-0.269062795053394,26.2048811932488,-0.0190196694698134,-0.0506108040607562,-0.191808485163094,28.96005292403,-0.0172788081613122,-0.166878954073829,-0.0757530131522653,31.396642617178,0.802118600627078,-2.43368382465611,6.0275457181203,-0.830695715170906,-2.76002515176903
"109",109,0.214,0.024,-0.0198698266958236,0.00656234338847282,-0.204461187209049,26.220997456149,-0.0239387560965453,0.0225466408403759,-0.21763473347606,29.0297536054049,-0.0207345697935747,-0.121822129194885,-0.0719650653450992,31.4178036126236,0.816479238694411,-2.51226445044154,5.59447518774635,-0.361428435153674,-2.71793040358077
"110",110,0.055,0.021,-0.0174744899976283,0.0242335711653254,-0.0687074156125015,26.1483761787013,-0.021085844494861,0.148361291750094,-0.192562316548041,29.0436677358457,-0.0181427485693779,0.0307179223593943,-0.0685175445693956,31.4390763175162,0.843350132635524,-2.25857104174604,3.98327173735314,0.724718798967242,-2.45517299033104
"111",111,0.152,0.019,-0.0158041452102004,-0.0213236078867501,-0.117465111594148,26.0587126727766,-0.0190776688286837,-0.00112978300658659,-0.135859803633297,28.9680046949368,-0.0164148677532466,-0.0706551259212608,-0.065466628507666,31.4574663082538,0.854631941043999,-1.95358878935214,3.81679802068435,0.495438371170015,-2.36547442837338
"112",112,0.019,0.029,-0.0241866647412727,0.0441478522942373,-0.0419999217476699,26.0209813761441,-0.0291185471595699,0.118528031790575,-0.118235461011853,28.8954780108879,-0.0250542718339027,0.0678955606382591,-0.0626963004329991,31.4703490660844,0.857623327760579,-1.74884894751632,2.8667566665074,1.1191688081951,-2.24393235620481
"113",113,0.253,0.035,-0.0290682957422393,-0.0571232252199021,-0.172747811986809,25.9856527111394,-0.0351184862955666,-0.122323091891371,-0.0982390245008713,28.8316690459198,-0.0302379142822964,-0.163607973602045,-0.0600869007151782,31.477071065792,0.850699390684043,-1.65479707930224,3.85544942957889,0.117658252118231,-2.32275604779734
"114",114,0.359,0.048,-0.0396240893634198,-0.00843670882894934,-0.320993519174912,26.1364287592924,-0.0416970229670012,-0.192361455330196,-0.128442453843329,28.8387223936845,-0.0414691395871494,-0.260776373906358,-0.0576147510518697,31.478037506179,0.814816287995846,-2.13675522163919,5.51532386177634,-0.628454131280177,-2.74857876900902
"115",115,0.625,0.053,-0.0434983731812721,-0.114932141238489,-0.472881173807536,26.343828211733,-0.0392839681077818,-0.228994844273072,-0.326860012258656,29.083973857282,-0.0457888416274774,-0.52465636880324,-0.0551276558745842,31.4777973453333,0.799508368114814,-3.1339411821923,8.89206587758495,-2.54378041599407,-3.20402660821177
"116",116,0.305,0.075,-0.061362816257948,0.108602540457292,-0.35734389396192,26.6658143933159,-0.0471518167916381,0.201538897738318,-0.468761844387613,29.7342073549115,-0.0647955306049209,-0.188982650189464,-0.0524009578729454,31.4898471868414,0.836474885558975,-4.65763286619582,9.1578781894945,-0.983057850513014,-3.51437533516364
"117",117,0.424,0.097,-0.0793666159642719,0.0308639035313085,-0.378004812953581,26.5427621624597,-0.053377384738786,-0.02938874854354,-0.345827664792483,29.6458245723346,-0.0838022195823643,-0.290896723830923,-0.0500836528406757,31.5155443039056,0.864683981433987,-4.12953074355232,8.07701625401294,-0.635821226278702,-3.30965292548027
"118",118,0.001,0.177,-0.147872257009257,0.0676116282726309,0.0856741929526173,26.3517289359396,-0.177723546456685,0.421677443125888,-0.254836755335228,29.6313536679048,-0.152917452227613,0.198905240433635,-0.0481319684582378,31.5470713048999,0.922838255981156,-3.3035902383717,2.72160874798289,3.10858149368885,-2.53666562907547
"119",119,0.059,0.178,-0.149389044268969,-0.00546833472584993,0.100526991269616,25.9711732562344,-0.178727634289774,0.206954914446793,-0.0914125147463558,29.2918589343564,-0.153781392635679,0.140865487012432,-0.0470540990887576,31.5720753800773,0.956274395269332,-1.95836700359494,0.923742568050908,2.96093735095797,-1.93358040176458
"120",120,0,0.29,-0.245041077418826,0.0194645362984067,0.229064182331892,25.7483517312494,-0.291185471595699,0.3157419613167,-0.0262408477417926,29.0157298518294,-0.249181923630408,0.295178509168622,-0.0470095043211149,31.5822559816936,0.963472074686376,-1.23758594599395,-0.950244964204705,3.68415625314176,-1.50346163336365
"121",121,0.006,0.347,-0.294546082475411,0.0240972878465174,0.263215745912292,25.5052985864595,-0.34841847808175,0.320329738696563,0.0142836263366533,28.7978859053147,-0.17592315387759,0.218438589681403,-0.0489512653503356,31.5777490789148,0.970095177859893,-0.766267480453999,-1.64025665698636,3.54293820333382,-1.14216001541003
"122",122,0.321,0.238,-0.200691354643379,-0.130629189328617,0.00963353349793728,25.3652038413275,-0.238931708393529,-0.128277646927552,0.0430366559351689,28.6237625764706,-0.142946279997787,-0.123875972180363,-0.0547431123726038,31.5621682150111,0.95727891423321,-0.546142772206772,0.600054548888379,1.18513090981983,-1.23916597908817
"123",123,0.008,0.324,-0.273665696999939,0.110871504317485,0.154613908672461,25.55150842891,-0.325324457920712,0.252643829897108,0.0619821606322608,28.5058216105331,-0.264013931289168,0.322776517452251,-0.0672991450150697,31.5404551629224,0.914957043719323,-0.530192025387996,-0.709501944106462,2.66451722513804,-1.42860738487353
"124",124,0.018,0.28,-0.237914262178473,-0.0102239566956506,0.239673087347157,25.3626220496095,-0.280018807664964,0.186452796584911,0.0724547985812967,28.3934294458833,-0.0837677345106504,0.156296700873315,-0.0910424747645576,31.5189481410591,0.925324573563483,-0.335856163858274,-1.13571307688112,2.4977860669285,-1.02998382375986
"125",125,0,0.448,-0.382028766199751,0.0416647997359684,0.278031036289837,25.1868194017636,-0.412936563361312,0.331870888683241,0.0805644032718502,28.2908544777069,-0.0598832127934302,0.190142829605679,-0.131355283899821,31.5052942638916,0.937578329174851,-0.208940731331606,-0.754974105888238,1.73512644846535,-0.774070591704962
"126",126,0.285,0.275,-0.23187384626515,-0.0213449988547878,-0.0332585995434668,25.2694824267172,-0.268084633562314,-0.107167984564158,0.0899114552395735,28.2127784218957,-0.217402461557997,0.113353066062229,-0.181260620804544,31.5068843664847,0.917401743986434,-0.179849929332042,3.13188965695432,-1.66653629767818,-1.28273072923411
"127",127,0.318,0.331,-0.278411714597604,0.00585781158694756,-0.050088871182425,25.5012437772215,-0.330882278473366,-0.084511227584487,0.0971466384688014,28.1746206424116,-0.276924437231853,0.173528237643738,-0.215458437319705,31.5238210304533,0.891210099576309,-0.217776409437117,3.92036266158331,-2.06205096695419,-1.63773037734206
"128",128,0.219,0.36,-0.304693891573152,-0.0803204344160377,0.100391089976113,25.3887176438673,-0.35050110883029,0.02762434001067,0.101966871500064,28.1396681294813,-0.243048880378747,0.247266447666178,-0.223975110182966,31.5468992093893,0.902032570562744,-0.162479724743887,2.6170515784518,-1.20745324314005,-1.24636312678715
"129",129,0.286,0.252,-0.211217407748134,0.0476042306285161,-0.12310438313415,25.5544319825235,-0.251701709157717,-0.140612361117299,0.105379255673572,28.1163507426784,-0.204172051169788,0.134220423011951,-0.216425014049419,31.5679000317828,0.887456857190261,-0.210499642093562,4.55152341445265,-2.55129881801468,-1.78612634770453
"130",130,0.051,0.311,-0.263198164937614,0.0273914854688085,0.181007827223214,25.5676378242616,-0.312012263856018,0.153160458084173,0.105847551532764,28.1089231564168,-0.249540350293184,0.400363414968403,-0.202424697120476,31.5832981336931,0.888335809845929,-0.19840091292454,1.3706080173257,0.260694833886138,-1.43485517017953
"131",131,0.075,0.306,-0.25963117396016,-0.00388582859142415,0.188273537151458,25.3536544695022,-0.299375922605215,0.116931900404393,0.105184635968508,28.0766135854825,-0.139905520200121,0.251571368388576,-0.187414746086106,31.5920816453373,0.904853942807828,-0.121379278531415,1.00055434978025,0.226689568665191,-1.10726207534057
"132",132,0,0.41,-0.350049894896681,0.0308083792029089,0.303352682493232,25.156719380076,-0.345534772164477,0.233787591801566,0.104537575494018,28.0346198767711,-0.0214299510743719,0.186277176459966,-0.173536534098267,31.5949161637043,0.924967116151824,-0.0687242414924607,-0.370760903706962,1.17319219127745,-0.736232173679984
"133",133,0.185,0.302,-0.256488646234507,-0.0457264752557908,0.116354687059827,25.0412443607719,-0.247733616817745,-0.0449666469207748,0.106318301676382,27.9848618444624,-0.149734966745572,0.12499224049109,-0.160751589828584,31.5927196658902,0.937174465823285,-0.0392712559297816,1.12598373105177,-0.27847873754008,-0.807781612868445
"134",134,0.196,0.179,-0.150933535972586,-0.00918777394464227,-0.0387165272194357,25.1872486952397,-0.163366918922103,-0.142776336418816,0.108970522993899,27.9511820717527,-0.124815998097665,0.0769274587842546,-0.148567470305599,31.5858747090329,0.926455424697454,-0.0356356350517119,2.32300029586348,-1.05432049221205,-1.23133696634455
"135",135,0.151,0.177,-0.14915272654975,0.000244898823289506,-0.00476156279205521,25.3420831906307,-0.171554717940317,-0.0895588676141287,0.109632816207956,27.9401231240073,-0.13771452319361,0.123947795068659,-0.137718158830421,31.5749996905074,0.912776377190757,-0.0415802254527538,1.77140495478989,-0.328824402452334,-1.39914143051224
"136",136,0,0.258,-0.219053549250577,0.023989951809811,0.198977806821404,25.2924604980878,-0.243887261082256,0.134679463967526,0.109109651049143,27.9304677592799,-0.150052419165478,0.277772477022282,-0.12803703539852,31.5607761678406,0.91231260278372,-0.037254302043393,-0.357454464661206,1.47111785587795,-1.07871520639799
"137",137,0.341,0.123,-0.103485248644963,-0.0693906274295301,-0.173881913549033,25.3183385831525,-0.115335828439757,-0.333570676095199,0.107971724404495,27.9121896083872,-0.0585006707505007,-0.164152931895234,-0.119494178500022,31.5437783980079,0.903631568698239,-0.0405834189036204,3.02124434989828,-1.44536469661264,-1.53398114685322
"138",138,0.334,0.086,-0.0716971669711018,-0.0585140861307663,-0.20516475168272,25.6352124333016,-0.0863344584169634,-0.356110730320284,0.106271847181509,27.9336881640431,-0.0733811337132959,-0.149236577450056,-0.111769645868893,31.5246079476176,0.877961730872339,-0.124207921778529,3.17712752564516,-1.04149429174075,-2.00664613164879
"139",139,0.094,0.07,-0.0584722634238291,0.0180587880298714,-0.056769467696629,25.8286282843823,-0.0702861483162032,-0.12470229826911,0.101752398110792,27.978865990327,-0.0604758285645928,0.0705683412033909,-0.104710407922525,31.5038513447017,0.857619160900499,-0.338683205077736,1.66778731578212,0.764718594668507,-2.09423179494479
"140",140,0.28,0.055,-0.0456500496932327,-0.00202096908478085,-0.242992834900625,25.8319019159537,-0.0550054736878657,-0.316317254239723,0.0893451174307143,28.0088916962199,-0.0475167224436086,-0.134830147579314,-0.0983379506555127,31.4822419786964,0.842609785994085,-0.479154265973686,3.43052416595573,-0.696893943214481,-2.25345048932638
"141",141,0.065,0.066,-0.0550239723276172,0.0658206821948254,-0.0784848775855736,25.9793573302769,-0.0662697969838487,-0.067749622237259,0.0665127695996875,28.0738832092728,-0.0570200669323304,0.0836419598265507,-0.0925086970680567,31.4605752019193,0.822206821895762,-0.796705644596439,1.97648942859953,1.14942852929099,-2.33126101060992
"142",142,0.151,0.041,-0.0342195655126779,-0.0234273794826465,-0.0973934775283336,25.8502054611021,-0.0411676011566333,-0.141084932771265,0.0303726968306933,28.1147651603581,-0.0354215567306901,-0.0290347033879846,-0.0872514985940773,31.4400844050205,0.81168007804248,-0.593589832466533,2.40987173929145,0.280782577108452,-2.09719739207573
"143",143,0.134,0.029,-0.0242479285238258,-0.0441871573534141,-0.0701929622022781,25.8473496502123,-0.0291185471595699,-0.110158695852814,0.00326209314202098,28.1729078007777,-0.0250542718339027,-0.0274219211448292,-0.0824914046409239,31.4218142348852,0.797535187395409,-0.654560672411139,2.32505768548372,0.394423983033692,-2.06703244427065
"144",144,0.224,0.013,-0.0107831234196623,0.0325686731852867,-0.251839022066836,25.941527529774,-0.0128439154774025,-0.189583645996461,-0.022872237034047,28.2521639130623,-0.011231225304853,-0.134832229148659,-0.0781279020908252,31.4061076428119,0.77349983994127,-1.02118731232394,4.22278983490175,-0.787155801137587,-2.41067362107566
"145",145,0.155,0.023,-0.0191073902248119,0.0172635821998126,-0.155662718878621,26.0330516408166,-0.0230940201610382,-0.0509443593252507,-0.0819755806085219,28.382273201376,-0.0198706293855091,-0.0618951185620684,-0.0739373872971358,31.3936874575003,0.751382283428332,-1.33808156651869,3.81434354226688,-0.028119497304611,-2.44666955074765
"146",146,0.718,0.015,-0.0121335263647134,-0.0453786858651741,-0.670724716814075,26.4087311549221,-0.00548310065740425,-0.29607211505893,-0.418270342948361,28.9016995252966,-0.0129591061209842,-0.635891167667058,-0.0699621709031263,31.3882308233362,0.750213693871002,-3.39890286863066,11.9901097175232,-5.01000422748722,-3.56268337152485
"147",147,0.101,0.014,-0.0115795244134315,0.0294840935465209,-0.123340087828415,26.4920647521678,-0.0140298525869073,0.198402627121232,-0.296985666210329,29.3692178343833,-0.0120951657129186,-0.024315572550926,-0.0660443932547974,31.4028002954869,0.810693712911553,-3.62644497385163,5.49612866240731,1.10640053690797,-2.98246321749827
"148",148,0.316,0.018,-0.0148767789593498,-0.0924631871953368,-0.213101857878819,26.281228973585,-0.0167211551810114,-0.117870101508768,-0.190291669050438,29.1676844769003,-0.015550927345181,-0.238598171627038,-0.062862628595528,31.4272705422168,0.82546229575534,-2.8058559799872,5.21649605701828,0.360390443118458,-2.77304217566254
"149",149,0.422,0.035,-0.0287811003888485,-0.0359947749643825,-0.355741166170999,26.3273339840289,-0.0282451614915002,-0.147939566062581,-0.245795935563509,29.165095728955,-0.0302379142822964,-0.332590760520804,-0.0598982091385462,31.4539611960348,0.818058190096619,-3.02668922644521,7.06608930107116,-1.00789399618755,-3.02716623682149
"150",150,0.416,0.029,-0.0237390472444045,0.0149686509890372,-0.417245057936956,26.4478963627022,-0.0192504836227346,-0.0364345920196827,-0.370092730284478,29.3906690373571,-0.0250542718339027,-0.334851057253605,-0.0571454736878641,31.482454814254,0.828659613361869,-3.68205086657301,8.83728230408667,-1.87973102449935,-3.26712772473363
"151",151,0.102,0.059,-0.0488253989950327,0.0817427625330192,-0.142078988984039,26.4762890149432,-0.0567098081284179,0.286111225634211,-0.340952962630376,29.6087199867112,-0.0509724840758711,0.00241307667332276,-0.0544698431445178,31.5160073851988,0.871983823922655,-3.79171628275487,5.87670578657594,0.899507299999766,-2.98843687592811
"152",152,0.021,0.132,-0.110195872200711,0.0692346907599224,0.0189073680756128,26.1867014946893,-0.132539593967697,0.260231956438484,-0.157739251051509,29.3543167935896,-0.114040133864661,0.143533638150139,-0.0522573309190997,31.5483189853315,0.910311564534962,-2.59024752585162,2.46927074010669,2.48226606666388,-2.3687966682121
"153",153,0.098,0.089,-0.074568482957711,-0.0530222514528742,0.0294977152145572,25.937671740287,-0.0893638171448869,0.0667406354794496,-0.0850327150396403,29.1056817773083,-0.0768906963178395,0.0284119654778131,-0.0503955035460952,31.5706538627717,0.929178813647432,-1.71931912152422,1.6032419573326,2.09589747755242,-1.98460570366944
"154",154,0.445,0.104,-0.0855489695473734,0.020135672629545,-0.382420859565737,26.1534725347839,-0.09114704936577,-0.284416541883675,-0.0719486717150952,28.9688374791226,-0.0898498024388236,-0.307093611383711,-0.0486998957644491,31.5802708305559,0.854459339575501,-2.28865317442042,5.35111634119309,-0.220825332354562,-2.83873066977818
"155",155,0.047,0.166,-0.138977991592719,0.0444720427718333,0.0492826437909998,26.092260932649,-0.16667858029271,0.245590516006152,-0.134546078996934,28.962031463466,-0.143414107738892,0.1417136619511,-0.0470398765338107,31.5798106094302,0.873464876910903,-1.92660820065498,1.8417530734888,2.33938786968797,-2.25962321412401
"156",156,0.116,0.163,-0.136787061240512,-0.022548326438338,0.0456375771160877,25.8491333781869,-0.163666316793445,0.115624474353666,-0.0736776278079803,28.8637283296033,-0.140822286514695,0.0693988420605701,-0.0455325118119108,31.5728814922784,0.900749469609491,-1.30668620959412,1.23664683895738,1.92654215140216,-1.86002713568269
"157",157,0.196,0.187,-0.156400622569744,0.0116378885684531,-0.0526208688727955,25.9075109177526,-0.18770057359861,0.0234354536327488,-0.0348733074751194,28.7551977002567,-0.161556856308269,0.00893829637480864,-0.0439546081401133,31.5593177535677,0.872452403254182,-1.32979658199711,1.74968330604419,1.67939483691158,-2.10166411216286
"158",158,0.042,0.26,-0.219463084342936,0.00120344911935736,0.177486074917326,25.7199857112296,-0.26106283660304,0.240475963060208,-0.0219255792479723,28.6478014780358,-0.224624506097059,0.224749578672622,-0.042518230399199,31.5397453924895,0.894289590214128,-0.856325647733827,-0.59543866893465,3.00073897444002,-1.55419379913432
"159",159,0.206,0.21,-0.176125994204572,-0.004892588852001,-0.0264381794071098,25.6232531822068,-0.21085844494861,-0.00360804636024937,0.00667429928069775,28.5404740235674,-0.181427485693778,0.016219585399486,-0.041203833041823,31.5150777790036,0.88618018037464,-0.689834574893455,1.02896551266532,1.3130866093269,-1.65302788449619
"160",160,0.511,0.205,-0.170325126252723,-0.1072919203337,-0.228060948096699,25.7806536445355,-0.204197281281688,-0.328919572908283,0.0245623124572247,28.4700635428605,-0.17710778365345,-0.294395149836969,-0.0400599615130854,31.4856617154954,0.846504595960275,-0.884438982131852,2.74214540691345,0.263877193453682,-2.11933336857341
"161",161,0.385,0.224,-0.185284943614071,0.0711806579438788,-0.273397541950563,26.0695301490187,-0.215652450936118,-0.178523567113883,0.00832527245633786,28.4681143582102,-0.193522651406697,-0.152763008158281,-0.0393612582574148,31.4523784135051,0.795046750104931,-1.49686350781081,3.3209643839494,0.822763586468882,-2.6458991347893
"162",162,0.1,0.369,-0.310414059814947,0.0571425819098087,0.146964840665149,25.9509827579061,-0.3705084104097,0.316863867625845,-0.0494268146062244,28.4940194771702,-0.318794010576211,0.257615934661705,-0.0399719558174242,31.4183838964546,0.811011507984243,-1.11541548897374,-0.0825739199849732,3.17595814107474,-1.98378073334625
"163",163,0.033,0.458,-0.388817094715262,0.0258355693434818,0.299365111499717,25.6233023449484,-0.459872227554587,0.444249471906287,-0.0198302466093127,28.4413187922463,-0.386574951454573,0.397441337609155,-0.0442072262857236,31.3873268145006,0.856076544166263,-0.57753468992029,-1.73971105500606,3.6151807019824,-1.30419254054486
"164",164,0.551,0.34,-0.283696444532237,-0.0440411304436597,-0.225523986988455,25.7735013314115,-0.33754442048511,-0.239332992789842,0.0230001810098637,28.377621548126,-0.284301379998885,-0.211726454178184,-0.0555813000603365,31.3598685123726,0.814642702407248,-0.893306170340247,3.05180509055124,0.0411854757580632,-2.19689917293749
"165",165,0.182,0.241,-0.201975885875616,0.0104899546108035,0.00817851497769223,25.8381196761842,-0.241985167774357,0.023909878779522,0.0343872845108796,28.3386973732984,-0.208209638343812,0.101100425421723,-0.0754519763581148,31.3376782006869,0.808026910409593,-0.747676509171374,1.12485878320114,1.57002386280695,-1.95374638321407
"166",166,0.232,0.276,-0.231917979553591,0.00403346321196603,-0.00842034718671831,25.7231164243911,-0.277128241932458,0.00882707289547891,0.0348368426183674,28.2831803035023,-0.238447552626109,0.104472151137495,-0.0986129715460205,31.3233227973328,0.816810462657659,-0.549011903288232,1.75278779966613,0.595236642701057,-1.80105019346676
"167",167,0.302,0.323,-0.270953435860186,-0.0472528739445106,0.0128698621034615,25.6903644844547,-0.322362029185116,-0.0211091718436798,0.0389109247365798,28.2446314501352,-0.279052751805193,0.0929307070206976,-0.116672654441601,31.3165663277433,0.818057899789499,-0.471865784649302,1.87993028391708,0.333041570578007,-1.74018885306675
"168",168,0.144,0.283,-0.237827192678038,0.043520508413606,0.0491100818180221,25.7180527898788,-0.284156856764079,0.0937107636395424,0.0438211245217361,28.2187853156642,-0.244495135482568,0.225497700492236,-0.125741865124227,31.3144962703566,0.814504872271021,-0.464995819826862,1.67239873943358,0.55067205427262,-1.7586793934916
"169",169,0.134,0.288,-0.242971439399515,-0.0136472859876664,0.117470280423677,25.587379370222,-0.289177295929522,0.108387122250085,0.0446481588342697,28.1829718288976,-0.248814837522896,0.241896702171361,-0.127776028265321,31.3137491102837,0.828368232598249,-0.317491702050258,1.05635227554676,0.738921419892798,-1.47956990728165
"170",170,0.202,0.233,-0.195974855396579,-0.0140748634075027,0.00780440424510569,25.5424602917848,-0.233952465109648,-0.0190644606077374,0.0491103938169452,28.1484382923443,-0.201298115079288,0.124274619738412,-0.125552344345615,31.3122006390147,0.829841861369035,-0.272874933715748,2.00803956409832,-0.17649713888882,-1.55938774680087
"171",171,0.058,0.231,-0.194931205428427,0.0550545763616698,0.0799388971495892,25.5365585166682,-0.231944289443471,0.118793277294382,0.0533969667666754,28.1242587111829,-0.199570234263156,0.262168242512177,-0.121147779629663,31.3087167659887,0.830398378642203,-0.242448916177789,1.18955743021691,0.532826992472668,-1.48174144702183
"172",172,0.14,0.21,-0.177627059464145,-0.0699898553143059,0.103742579583802,25.3927161674201,-0.21085844494861,0.0125287759971055,0.0568967968685824,28.0860372359861,-0.169758229751395,0.145399372493913,-0.116027887722778,31.3028050476666,0.844833582031641,-0.158146335361178,0.823457982363396,0.565115887476534,-1.23766029812658
"173",173,0.004,0.146,-0.123193387423173,0.0510888476481478,0.0706213893211644,25.4148525995472,-0.146596823630938,0.0797784990167015,0.0619668776177312,28.0556274055178,-0.10667651359832,0.212745594844449,-0.110673812550348,31.294463884,0.840778085853683,-0.143722169333075,0.97767648768461,0.506622123107526,-1.35069854450365
"174",174,0.381,0.125,-0.104622536827541,-0.0990814009077712,-0.176942837112452,25.4856980066258,-0.125510979136077,-0.320320309960123,0.0647280841553896,28.0348403714058,-0.094960203433164,-0.180958364584649,-0.105407582747241,31.2837169733152,0.828832418917956,-0.17675963831539,3.19414294449164,-1.30349810152442,-1.71206563211623
"175",175,0.086,0.115,-0.0962473500394082,0.064497687927242,-0.0595939277145317,25.7463733522174,-0.115470100805191,-0.0350505599174235,0.0628134301813198,28.0564733548203,-0.0992185162115274,0.11290335502872,-0.100122513664273,31.270806312973,0.80448524970477,-0.345017572916375,1.99007420848123,0.315840458425838,-1.96141936899049
"176",176,0.437,0.076,-0.0626922509351751,-0.0106870032173756,-0.368113622278875,25.9423692405879,-0.0707329188450564,-0.41628108326796,0.0475371564039482,28.0991799673787,-0.0656594710129865,-0.276630556503677,-0.0952738238344421,31.2564397732598,0.775912243378053,-0.963325834589434,4.97463782463194,-1.4122041988406,-2.59440456793633
"177",177,0.24,0.073,-0.0605575955962122,0.00120946355406205,-0.187936814506543,26.0979254654052,-0.0699634792518497,-0.157601753591161,-0.0162182030629364,28.2170035413162,-0.0630676497887897,-0.0869486768642499,-0.0906651852736851,31.242144702312,0.743349334267598,-1.32198556623629,3.80609228632461,0.122175116973924,-2.60527728253871
"178",178,0.088,0.046,-0.0383528362010951,0.00553203776520943,-0.0609444517030391,26.0206286852842,-0.0461880403220764,0.0438611526624193,-0.0901126133120077,28.3529097317588,-0.0397412587710181,0.0369480758597137,-0.0863502080635304,31.2311526098248,0.736031219045145,-1.24455333094969,3.25027029726505,0.308271523965021,-2.31438348534615
"179",179,0.045,0.033,-0.0275999331745289,0.00476153714617778,-0.0234518644371949,25.8973491854766,-0.0331348984919244,0.072987978544694,-0.0906354838360361,28.422046584597,-0.0285100334661652,0.0651757631320897,-0.0823357844691056,31.2252159040096,0.764764790200531,-1.03925926818149,2.81701291931235,0.278663517294404,-2.05947614877381
"180",180,0.367,0.019,-0.0157119390875142,-0.0487461705865403,-0.306522893653495,25.9983234391257,-0.0187716859296015,-0.265617323533195,-0.0855614820415082,28.4692790565048,-0.0164148677532466,-0.272788339092229,-0.0787189025139288,31.2228194553131,0.746411405699983,-1.43866195141441,5.38149023185453,-1.41031295962061,-2.52754129436406
"181",181,0.0995,0.028,-0.0232776511327772,0.0358306718642673,-0.117294608894711,26.0965807618214,-0.0281144593264813,0.0767335839640009,-0.154899621702816,28.5984581793675,-0.0241903314258371,-0.000935727105761921,-0.075084210300262,31.2234840073823,0.752866853202359,-1.72632831028485,4.2027544645246,0.00581215652581856,-2.48175359145438
"182",182,0.107,0.024,-0.0200247862633891,-0.016864877459952,-0.0715050469388979,25.9811249646562,-0.0240981079941268,0.0484243960103105,-0.138992565049017,28.6574684101143,-0.0207345697935747,-0.0153441284766151,-0.0717900693800386,31.2279679321972,0.787287636466045,-1.48580959096216,3.54109228724718,0.161405537354476,-2.21650460900107
"183",183,0.18,0.02,-0.0166134215645248,0.0075794595470239,-0.175817231901632,26.0140053595396,-0.0200817566617723,-0.0490924242172788,-0.112736184112893,28.6534507569746,-0.0172788081613122,-0.0945544400563923,-0.068807256509363,31.2337967147337,0.782444599268502,-1.59045800701085,4.20835884164123,-0.222350429297123,-2.39508800812018
"184",184,0.171,0.027,-0.0224060367175191,0.0127008383755103,-0.164271795607746,26.0660509797477,-0.0268099862108949,-0.0103932496546862,-0.135363558845238,28.6871077299078,-0.0233263910177715,-0.0823614002280993,-0.06610371899649,31.2394759085161,0.780316507877793,-1.74375590230302,4.26958749807719,-0.0569396872208118,-2.46754882897632
"185",185,0.071,0.02,-0.0166763499036855,0.00404018205883019,-0.0633057022296322,26.0107546842936,-0.0200817566617723,0.0808266208815789,-0.140205895307289,28.7188781143247,-0.0172788081613122,0.00899443477025583,-0.0635927152692545,31.2451720441563,0.800273351111477,-1.59678241842258,3.30731020484946,0.542838253558652,-2.25815933351185
"186",186,0.183,0.031,-0.0257738343258579,-0.0250057307508539,-0.138686466641255,25.9716233443523,-0.0309295115734583,-0.0467421211760807,-0.110069966839486,28.6966222839131,-0.026782152650034,-0.0955517674973789,-0.0612364557748412,31.2499521243521,0.804571631543625,-1.51089521509923,3.67374573513511,0.105715106937565,-2.2743219574906
"187",187,0.471,0.053,-0.0434722341731237,0.0210053915899619,-0.452869052500762,26.3477717740825,-0.0450451523615301,-0.13020446136295,-0.268929984694345,28.9091217084022,-0.0457888416274774,-0.367440586628052,-0.0589190891952838,31.2539389448239,0.744463607059145,-2.98975328992877,8.20020046603696,-1.95341720925619,-3.24753802431769
"188",188,0.798,0.057,-0.0462330732223828,-0.0924222615541197,-0.663877078563248,26.5276316352371,-0.0280343792198548,-0.2289831488207,-0.485509048789873,29.3455147464103,-0.0492446032597399,-0.692963427671038,-0.0565184629948726,31.2648869896049,0.789746815548852,-4.20853494779297,12.3220596794306,-4.43809405425185,-3.660349954471
"189",189,0.071,0.127,-0.105081083990286,0.114813981787369,-0.0811779580575122,26.7747908600596,-0.123770556191621,0.389950502626662,-0.346133929857945,29.8581406033909,-0.109720431824333,0.091129026513647,-0.0539243442357114,31.2940368975958,0.840688349402296,-4.90649326365863,5.33874713351158,2.86854052545568,-3.314209181821
"190",190,0.031,0.156,-0.130656777989305,-0.0106066783629793,0.115730953571447,26.1912002118662,-0.156637701961824,0.248166495756307,-0.129441350718415,29.3998869938317,-0.134774703658235,0.154888875824322,-0.0520240519896254,31.3286972373655,0.902944100540761,-2.62561637857711,1.26154862138368,3.57388412346299,-2.22010005006828
"191",191,0.052,0.2002,-0.168044156423734,0.0325895513624519,0.0866959894611418,25.9181570257119,-0.201018384184341,0.195662414580082,-0.0476217974930287,29.065206478922,-0.172960869694736,0.170851569271288,-0.0504956361439464,31.3546903561325,0.913285750015766,-1.62723815967567,0.687667183079458,2.83160417435645,-1.89842965770883
"192",192,0.28,0.1368,-0.115087300990161,-0.192661384184339,0.0255435505487441,25.7328998996695,-0.136765252426781,-0.132223411905612,-0.00783578290360917,28.8255693758376,-0.118187047823376,-0.113393311469618,-0.0491632343064926,31.3665365289649,0.909869668281657,-1.07900927012986,0.84338421517416,1.93280624059775,-1.70000064870345
"193",193,0.34,0.182,-0.150364089202594,0.171085460638908,-0.367685654302979,26.1406343129247,-0.175246942202692,-0.166855281956802,-0.000836506429099542,28.7156989040417,-0.157237154267941,-0.135573612426679,-0.0478963068084734,31.3642500463291,0.809613985633018,-1.98063722642016,4.48334688554658,0.364702690182636,-2.86531843332562
"194",194,0,0.316,-0.266528375708939,0.0411515432899218,0.219132792767368,25.9266383592788,-0.317291755256003,0.356756197955318,-0.0419796356027217,28.6488854832887,-0.273005168948733,0.318375177197053,-0.0465685427354377,31.3514103454388,0.845994858029365,-1.19042861285694,-0.707500115599559,3.72854520908215,-1.83801511750014
"195",195,0.003,0.259,-0.21924779958054,0.00136943462885472,0.211456773301205,25.5877038254652,-0.260058748769952,0.262333183904056,-0.00864072855598512,28.5363538203492,-0.204629595487595,0.246206035406644,-0.0452294173049018,31.332146871969,0.880025623969426,-0.626723568114131,-0.995495143256303,2.94155314893785,-1.3241621587678
"196",196,0.006,0.358,-0.304698587279044,0.0147967102639846,0.288244358178227,25.3563619673511,-0.359365546964513,0.320158752475276,0.0259984017904553,28.4119897227254,-0.144357393611384,0.181998614504223,-0.0439737499051756,31.3077790894316,0.899111450218661,-0.374890373234214,-2.09724603893103,3.41766994908078,-0.950586478386837
"197",197,0.307,0.323,-0.273227965333894,-0.0924262757439682,0.055455409879569,25.2384751048778,-0.322554887141005,-0.038210285752709,0.0523107141391028,28.293105492298,-0.181027776457634,-0.0834373382011492,-0.0428125356272311,31.2788526523111,0.895576107677534,-0.247720698253421,-0.172586606338916,1.49418732589239,-1.07442068225314
"198",198,0.076,0.315,-0.266452886366216,0.0717225184343581,0.119081837698712,25.3661954902789,-0.316287667422914,0.167567544248529,0.0708744207501453,28.2067773733852,-0.240079697136951,0.205388425840149,-0.0418521563522691,31.2457725001874,0.866167695286391,-0.216356120086579,-0.982449736738102,2.43167645723315,-1.23552379569934
"199",199,0.256,0.338,-0.285185545448263,-0.00241694054232202,0.0314579925785494,25.3735501290003,-0.339381687583953,-0.00181508234159702,0.0817264443320022,28.1282374969703,-0.257053547140295,0.0421803079799846,-0.0416203668069702,31.2095141037688,0.851061182852319,-0.169604383454927,-0.263263431391546,1.76896684781027,-1.33715098560684
"200",200,0.038,0.457,-0.389335351400041,0.0391813045073585,0.282005508773736,25.2831277113485,-0.451475088065624,0.323512300460483,0.0890437235242889,28.0581041011902,-0.180172422796528,0.185218710675302,-0.0434428703239447,31.1713760810768,0.855006946733985,-0.104412420793392,-2.67946910472741,3.71353377906326,-0.934468528986559
"201",201,0.314,0.375,-0.316863849463433,-0.03484967889946,0.0336129781537925,25.2295111976417,-0.368801018547619,-0.0426765090161553,0.0958652845552389,27.9843982525302,-0.254792201807653,-0.00938108154544915,-0.0503217106254847,31.1333927246892,0.848854316706223,-0.0639994066013084,-0.24681254718466,1.45699675068626,-1.14679964205122
"202",202,0.037,0.327,-0.278354025437664,0.0179557684882183,0.22258774442753,25.1741411598897,-0.311205446850546,0.169518071291629,0.101211365679438,27.9212362660959,-0.137922700164492,0.16592321735638,-0.0654438210602741,31.098569696585,0.851127883076348,-0.0333478541678184,-1.78571985344996,2.69788758675882,-0.882113146418416
"203",203,0.141,0.401,-0.341070183265299,-0.0468327693529755,0.140364856753023,25.0429954256944,-0.332726724607184,0.0853794413458787,0.105033370968795,27.8526797257032,-0.0827033833004937,0.0259492378259145,-0.0867329201222942,31.070453224905,0.86052943441505,-0.0116888001778428,-0.606419496967734,1.40528076443863,-0.789576446204192
"204",204,0.031,0.34,-0.28978110848051,0.0351522553420037,0.220560603495821,25.045300659251,-0.265810685280121,0.123005500845738,0.108695541681057,27.7932892197043,-0.113236816859466,0.188849686283337,-0.1071952489532,31.0500864823054,0.861575408865014,-0.00949374347135527,-0.985552510362116,1.75033727713744,-0.759636698308858
"205",205,0.077,0.418,-0.356982425216604,0.0320232442297914,0.240499643997451,24.9454259912011,-0.288577859417397,0.0980656365481221,0.111551617944681,27.7325158474833,-0.0956095455655934,0.137559402846344,-0.120022943174203,31.0358932766543,0.872371139392006,-0.00944940021296336,-0.940628662061722,1.54839077109773,-0.603391689342034
"206",206,0.026,0.326,-0.278522113637427,-0.0258750740064795,0.223790859629952,24.8331749737924,-0.17114398002662,0.0294876964901136,0.112942935221007,27.6698417448674,-0.0351034438094905,0.130295634216077,-0.124381940466484,31.0243728067824,0.885434388370674,-0.00941042020608388,-0.706455408792841,1.18350239369137,-0.470927041226011
"207",207,0,0.304,-0.260260961579143,0.0146338148669222,0.256157826913577,24.7531754143505,-0.137840651581865,0.0247521741272098,0.115285113661839,27.6065471135732,-0.00916708520935202,0.125388539158654,-0.123479133265523,31.0128723641668,0.897103777033933,-0.00937407156524694,-1.05589573680871,1.42134632307969,-0.361344812402881
"208",208,0.159,0.255,-0.217750167387237,-0.0604711163383903,0.119400280795455,24.6960341978511,-0.13365142879838,-0.804110583081501,0.107421006406724,27.5420303080638,-0.0650431644469326,0.0230784491345803,-0.119846884126111,30.9998991846701,0.903878547354724,-0.00933621215787052,0.247604623168199,0.202665586395649,-0.440348236935147
"209",209,0.285,0.189,-0.159587264185073,-0.0195891065552121,-0.105417753244299,24.9204804649441,-0.178528037885953,-0.153476764369538,0.0471773696625494,27.5270266790235,-0.130513807379953,-0.0403434924741986,-0.114633693183064,30.9854319911535,0.878308179432578,-0.00931427475337767,2.87926423439476,-1.81784198218848,-1.04373956076217
"210",210,0.382,0.135,-0.11318808685217,-0.11280451730591,-0.164320512004658,25.2887665945617,-0.135336373117482,-0.304984909591512,0.057088865319693,27.5868887689534,-0.113962065191598,-0.159499640453346,-0.10917929983624,30.9705150431254,0.836594647538729,-0.00931482762193695,3.22794216902962,-1.62154203015447,-1.59181346686841
"211",211,0.034,0.164,-0.137593269669941,0.137262914812904,-0.0380090643384313,25.5544982285166,-0.164670404626533,0.0599879537941294,0.0688520488503008,27.6689873624064,-0.14168622692276,0.210385605767815,-0.103321765873238,30.9547484367512,0.802560333599775,-0.00932712958290126,1.79017615256847,-0.0115738938522322,-1.76808207983682
"212",212,0.159,0.092,-0.0772555821072068,-0.0379576242380631,-0.0477020590139144,25.4957636790332,-0.0923760806441528,-0.134529357232787,0.0667326957577306,27.7152945222397,-0.0794825175420363,0.0175603584054957,-0.0978394878446972,30.9383295382771,0.789190813297067,-0.0104138133163862,1.79109612403156,-0.165253187948135,-1.61421863967905
"213",213,0.027,0.094,-0.079030687988633,0.039040645755172,0.0107898411241285,25.5515858571683,-0.09438425631033,0.0067409087529688,0.0578796374058583,27.7606884800534,-0.0812103983581675,0.145779537153029,-0.0926756179048104,30.9218846986326,0.774239761111914,-0.0232808025787064,1.21809450970565,0.441333269104353,-1.6350133003866
"214",214,0.116,0.078,-0.065478089987812,-0.00889406140355803,-0.0435323017201374,25.5363266876375,-0.0783188509809121,-0.0873703152430925,0.0476439677910561,27.7946039521935,-0.0673873518291177,0.0385375980240116,-0.0879437128579775,30.9059881640821,0.763085005817733,-0.0430466911673771,1.73958554651643,-0.0483423707276835,-1.64883578252404
"215",215,0.349,0.058,-0.0484904969966439,-0.0884721495327618,-0.210902418185631,25.6205462909195,-0.0579455161909311,-0.333236346952738,0.0386933433989552,27.8354829469291,-0.0501085436678055,-0.215798841672454,-0.0835924523932974,30.8909761167086,0.746479601997009,-0.169762149471877,3.33005642148492,-1.21412150802119,-1.94478800407363
"216",216,0.12,0.029,-0.0241368487818014,0.0553510914641419,-0.156008351882013,25.9130165665497,-0.0291185471595699,-0.108323879200554,0.0155996495740739,27.9333586873306,-0.0250542718339027,-0.0163298748017192,-0.0793732412167799,30.8770669525676,0.716518012836975,-0.606848652898745,2.95304198936662,-0.0303222352661916,-2.31496707300574
"217",217,0.051,0.017,-0.0141991348893343,0.0179729998103276,-0.0594230798221147,25.8806253940836,-0.0170694931625065,-0.00291783031478155,-0.0331358198272694,28.0267867604311,-0.0146869869371154,0.0378983740223342,-0.0754452952615204,30.8653675630205,0.697352184947522,-0.62168544655536,2.44238668069887,0.29725543255844,-2.11820501351692
"218",218,0.144,0.021,-0.0175866866729431,-0.0933706341299515,-0.0322619604004247,25.7985820472469,-0.0210391571410824,-0.0755164537073645,-0.053743974712772,28.0999480324533,-0.0181427485693779,-0.054602452695814,-0.0717805679032739,30.8570154860809,0.700218296063396,-0.56125659636372,2.31535720852082,0.184192195222493,-1.93839492254803
"219",219,0.36,0.022,-0.0181398285840889,0.0377520489541286,-0.382799061404387,26.0217038531572,-0.0213518632037913,-0.258489046373594,-0.0785889280881156,28.2080167798092,-0.0190066889774435,-0.273111085001184,-0.068417252549947,30.8518252943065,0.661350465679746,-1.31933060934756,5.82527110021635,-1.81240204635608,-2.68639923666132
"220",220,0.591,0.022,-0.0179580173751375,-0.02958243856053,-0.547272367122066,26.4433648504179,-0.0119457475379921,-0.151010742614489,-0.402971979760268,28.7677640721856,-0.0190066889774435,-0.507910935193144,-0.0650933092600929,30.8537206719073,0.68814188979931,-3.27192487584699,10.5644107634593,-3.79131884298642,-3.48396779634525
"221",221,0.569,0.03,-0.0244179786378396,0.0215367198883027,-0.568586344789759,26.6684930604178,-0.0148656376260277,0.000784193652784011,-0.547518711901196,29.4108818076945,-0.0259182122419684,-0.482458436254428,-0.0616464246794067,30.8753726576295,0.798370351000393,-4.62268716007089,12.1420961454552,-3.76672167619607,-3.74253129909267
"222",222,0.006,0.022,-0.0182633397126721,0.0629406143586348,-0.0560361687582722,26.5266555442963,-0.0220807884914289,0.291677002006547,-0.285732993278079,29.4731247849234,-0.0190066889774435,0.0697411651973534,-0.0585204012486162,30.9179916479331,0.83038096808869,-3.78593065914224,4.58992318365706,2.10781042303448,-2.92209315400352
"223",223,0.262,0.042,-0.0347696759406163,-0.00621197054254015,-0.225689915909693,26.2801964103301,-0.0416866964348316,-0.0614001981613719,-0.163285280396884,29.1442933809161,-0.0362854971387557,-0.170708779179631,-0.056026255054487,30.9636375064809,0.801964017837624,-2.79174334920528,4.92583433658221,0.647304532101142,-2.78458297211308
"224",224,0.076,0.061,-0.0509796245860187,-0.0390395795855924,0.0139806870166935,26.1107311910851,-0.0612493578184056,0.127954085959489,-0.154438724554047,28.9823667875183,-0.0527003648920023,0.0293553949838801,-0.0538733539903737,31.0025593397199,0.822564238339062,-2.05963469413975,2.5161870224622,1.82927286475685,-2.29132989062072
"225",225,0.099,0.07,-0.0583382214040875,0.0525567921613227,-0.10027244519026,26.0117589366379,-0.0702861483162032,0.064003345397209,-0.0977318986729185,28.8306016929561,-0.0604758285645928,0.0122015152085802,-0.0519998148672889,31.0302956670403,0.817263013727408,-1.70160557948892,2.99605317346821,0.987811479610554,-2.28470853589099
"226",226,0.476,0.076,-0.0634596219300545,-0.248418229966893,-0.163458754491184,25.9134647378216,-0.0730982255678435,-0.323066673492255,-0.0766817406534271,28.7050651805437,-0.0656594710129865,-0.360731203409997,-0.0503287182745404,31.0458463278909,0.813207160738073,-1.41060538557568,3.35155783996435,0.257696030177557,-2.19821432242472
"227",227,0.12,0.128,-0.105609124932925,0.245418254064524,-0.267663795840355,26.3184564268114,-0.120463667140069,0.165832008895203,-0.173617802394614,28.7920023010344,-0.110584372232398,0.0380429848452801,-0.0486155865102156,31.0521060017254,0.739776923652955,-2.58891043851934,5.27607138243185,0.332185203908134,-3.01787823472053
"228",228,0.216,0.118,-0.0980903515646359,-0.0071239786130296,-0.111104126508668,26.132645199344,-0.118235040891327,0.054358198437045,-0.155611147508079,28.8419758658918,-0.101944968151742,-0.0679572010658564,-0.0467701416103317,31.0555342168026,0.784865723680356,-2.04335478047747,3.57071106459753,0.944108346709038,-2.4796056496235
"229",229,0.269,0.188,-0.156470971421075,0.00748751443144633,-0.12406376891056,26.0904307159587,-0.185486854389128,0.041386208103633,-0.129065942189086,28.785286123595,-0.162420796716335,-0.0622255684866671,-0.045119250917976,31.0563997989709,0.787128316398158,-1.87975571113324,3.39447827339165,0.92211927718287,-2.44381137277638
"230",230,0.159,0.205,-0.171413785166018,0.0279885575600013,-0.0197135336777985,25.9850866295642,-0.205838005783166,0.140713640364581,-0.0987019587112341,28.7124472309002,-0.17710778365345,0.0605890938427031,-0.0435722086377422,31.054386671572,0.80118208037194,-1.50039035264979,2.06765390242282,1.59850757665222,-2.17235719333084
"231",231,0.266,0.191,-0.159349532360883,-0.0216329800228797,-0.0910871174288667,25.9179921800584,-0.191127508999438,-0.0133495190916419,-0.0649833887808727,28.6181967672015,-0.165012617940532,-0.0593218739331463,-0.0421778311435842,31.0481857492529,0.79765445389808,-1.27893249471984,2.37989838601098,1.0419246200187,-2.14559769484022
"232",232,0.237,0.281,-0.23644410941328,-0.100969970294823,0.100409408223959,25.7916004497992,-0.281708826278663,0.0866728826958037,-0.0446141871228873,28.5244026502137,-0.242767254666437,0.0459634005179358,-0.0408824079877087,31.0370549820503,0.812000073629316,-0.891895473088915,0.330256624435976,2.30402332846389,-1.74660842537827
"233",233,0.173,0.313,-0.261860202002646,0.145206040927004,-0.0558884511598348,25.8778962006434,-0.310333697281567,0.153020908828023,-0.0177038398365004,28.4486147494502,-0.270413347724537,0.136091243052796,-0.0396783974119016,31.0209269771247,0.778385353929361,-1.01836581817711,1.52134031587911,1.59521991002602,-2.10208417459511
"234",234,0.031,0.369,-0.312963657018434,0.0202637389060284,0.266798676750839,25.6081592826758,-0.3705084104097,0.343250545634837,-0.00592952573671526,28.3524701134298,-0.31801689586072,0.325401126274889,-0.0385985054600265,31.0003228629528,0.817457696082292,-0.489381815778846,-1.68431157389484,3.48404842798088,-1.31642182918505
"235",235,0,0.399,-0.340282709336305,0.00654450181053737,0.317966206550456,25.302943614411,-0.400164172450767,0.373241044913966,0.024692886619461,28.2359210311875,-0.170570077547014,0.207890236039906,-0.0377473455964273,30.9759709796209,0.849721624408362,-0.239591621217609,-2.49418617197715,3.58010799567392,-0.851713104762723
"236",236,0,0.513,-0.43669907030498,-0.00886111191099326,0.207752950123838,25.1289859808043,-0.471913158207755,0.422390545735157,0.0547116401719334,28.1229592863428,-0.0795523008757662,0.116826027266801,-0.0373738521040127,30.9480641718028,0.859429465526347,-0.125659660938985,-1.75500626025173,2.65168612399385,-0.773960856377464
"237",237,0.572,0.397,-0.331670513950532,-0.041214079565935,-0.20444331862747,25.413068722225,-0.37492065745351,-0.274986524803959,0.0782136046182353,28.0403683462742,-0.279382663526708,-0.254500729153638,-0.0381840028772816,30.9169601993725,0.804869036952035,-0.147218752885382,1.94266039476139,-0.0311046293477456,-1.76050262073517
"238",238,0.178,0.315,-0.265436293589252,0.0149792847357308,0.0717143366409661,25.595911892074,-0.316287667422914,0.0449182436834203,0.0920750341330756,27.9957797536528,-0.272141228540668,0.134749566064671,-0.0410263142727936,30.8835387115733,0.773858128831982,-0.147042302753413,-0.761414321790112,2.512927036158,-1.60740275323195
"239",239,0.507,0.382,-0.317600942460508,-0.0116263508059854,-0.181145472041186,25.7999750660329,-0.377547242278137,-0.229748956045679,0.097936640016842,27.9627891386094,-0.330025235881064,-0.129782910396721,-0.04770670021326,30.8496125105463,0.740152319291029,-0.359070369958089,1.71921871799032,0.838486584631542,-2.19898776472902
"240",240,0.326,0.257,-0.215524654203274,-0.0822878385195194,-0.028960616302387,25.6772435314011,-0.258050573103775,-0.168660145379943,0.0983519166743952,27.9243249777388,-0.222032684872862,-0.0452141245446149,-0.0592798889102821,30.8178333975012,0.742513410220329,-0.169638885025462,0.506419540153166,1.42881957050564,-1.77438423509628
"241",241,1.014,0.218,-0.176971935183479,-0.0979840373449595,-0.74096977858032,26.0920351872663,-0.157473410800603,-0.928846903538487,0.0925158184835459,27.9349597936708,-0.188339008958303,-0.750762756973753,-0.07523285708952,30.7908576367156,0.713850752228999,-1.38381272377318,7.65634451408305,-3.00157598958213,-3.25852088668604
"242",242,0.156,0.287,-0.238018299483038,0.165520289722373,-0.0881620732459531,26.4037729918506,-0.273860288852925,0.127175402339981,-0.0159983666845386,28.1083498307062,-0.247950897114831,0.181601346136887,-0.0915146669999332,30.7714817838584,0.6726389410119,-1.9979720353851,2.87337799125865,2.11144963388356,-2.99206877706038
"243",243,0.132,0.266,-0.223885202765307,-0.0625680473218103,0.152243289068189,25.8878993584754,-0.267087363601572,0.201966345102885,-0.070732110040859,28.1880741113124,-0.229808148545453,0.200489988088947,-0.104062588248507,30.7645631330262,0.69738524525363,-0.76700463219167,1.3940353927971,1.22070881827903,-1.85144953858619
"244",244,0.05,0.242,-0.203623070913901,0.0952925861886421,0.0552006450588333,25.7187932294455,-0.242989255607445,0.213186058271699,-0.0212067408462442,28.1625477763082,-0.209073578751878,0.26987871401394,-0.11139321650128,30.7676416126093,0.724238587125457,-0.495840134326697,1.97087898849762,0.249459989652079,-1.72473611646126
"245",245,0.129,0.288,-0.243507922191247,-0.0242789784953724,0.139425114239537,25.5107934616813,-0.289177295929522,0.150881264586291,0.00833261689337475,28.0979475428934,-0.248814837522896,0.23333387981903,-0.114150625971707,30.7748978269684,0.758318204117962,-0.248692855899375,0.93173859948456,0.64690708429429,-1.33268144998003
"246",246,0.299,0.171,-0.142775263714562,-0.00654015513980421,-0.154631782808632,25.6514569467469,-0.171012491731508,-0.162555776487346,0.0309472591118839,28.0548421165875,-0.14773380977922,-0.0380228875953439,-0.113912249452153,30.7822064970125,0.730643598627412,-0.343754043405316,3.49438603409429,-1.23748563016099,-1.91037750731612
"247",247,0.079,0.15,-0.126147954326346,-0.0050243383147506,0.0523001019205604,25.6587370693056,-0.150613174963293,0.0379778079998149,0.032359301935744,28.0296721260095,-0.129591061209842,0.16114237471617,-0.111281091686208,30.7873951462265,0.734439160563467,-0.269531873668226,1.4603400061047,0.471972014712193,-1.66479595531568
"248",248,0.514,0.099,-0.0818287120177988,-0.0770931565997027,-0.358390149588576,25.7427537910103,-0.0894323478966295,-0.452053768448074,0.0275462029694943,28.0203145000115,-0.0855301003984956,-0.322094922556844,-0.107880044592695,30.7898256850483,0.714759426556433,-0.629468177213934,5.34060586158923,-2.43263815213663,-2.27255549408098
"249",249,0.435,0.075,-0.0616946406172693,0.00211152594263603,-0.381692775141506,26.254491249899,-0.0691526807105748,-0.315450937129787,-0.0518178668717952,28.1805307294839,-0.0647955306049209,-0.267632913199245,-0.103529951361671,30.7907840149601,0.646590783091607,-1.85653428415732,6.26667798016646,-1.31839292303609,-3.08650036404908
"250",250,0.672,0.053,-0.0430152638431536,-0.0606315673815972,-0.573866890635725,26.503517193663,-0.00636230450231258,-0.191583256131711,-0.47426065012105,28.865549247363,-0.0457888416274774,-0.528219870567054,-0.0985331803965371,30.7985765989344,0.695265104841572,-3.57321708747219,12.2155553356691,-5.0435757905081,-3.58148839170486
"251",251,0.48,0.043,-0.035090021101539,-0.0194495198164132,-0.427890094384963,26.6165101062393,-0.0161819348951235,-0.0185381813246993,-0.445131561154293,29.3839133916726,-0.0371494375468213,-0.350187777907258,-0.0932968743198552,30.8302900670459,0.763372212183651,-4.25509362703573,10.4299848524765,-2.67573927479466,-3.49347081507524
"252",252,0.333,0.03,-0.0245457540094324,0.0522484178278712,-0.363939596441457,26.6213060963485,-0.0170772663299765,0.102985953946529,-0.425466376345973,29.5349767068907,-0.0259182122419684,-0.219025611103105,-0.088452050407381,30.8820232206428,0.798122022225446,-4.32341025617535,9.52640668977031,-1.77849309614729,-3.42257262204331
"253",253,0.377,0.023,-0.0187830621342135,0.0438433709197298,-0.406703479840309,26.6532019679701,-0.0148409301355598,0.0892954574397405,-0.446241590025553,29.6744237184963,-0.0198706293855091,-0.273968327300988,-0.0840968151832983,30.9464013860056,0.826262902581727,-4.59132081573817,10.0512295060142,-1.93908194378535,-3.5158674943419
"254",254,0.33,0.016,-0.0131232117525609,0.000384574141788489,-0.322715602948047,26.505029242885,-0.0102925431229131,-0.0429153108103737,-0.276162946916753,29.527307682505,-0.0138230465290498,-0.236878785292079,-0.0801104335368732,31.0141050913603,0.831487990548253,-3.85921034065857,7.47035750063949,-0.424737911539276,-3.18869139199502
"255",255,1.102,0.011,-0.00874292283007553,-0.192616389598134,-0.904772456949328,26.7293612095396,-0.00332093246387271,-0.222418342261828,-0.803349634850874,29.9237887425764,-0.00950334448872173,-1.0164394784627,-0.0763923074689587,31.0764205351807,0.902252827059491,-5.72553697594795,18.1972984189135,-8.25331058967286,-4.19110937533747
"256",256,0.531,0.02,-0.016030672548473,0.0963589466827913,-0.618752844143965,27.430995397753,-0.00858349753301707,0.0667539527835627,-0.568551064816391,30.8596357767243,-0.0172788081613122,-0.443396965718393,-0.072104193872121,31.1632876969757,0.995548262868967,-8.17720802058417,13.0434394693893,-0.171539728122773,-4.70653419766389
"257",257,0.243,0.02,-0.0163214394753463,0.0705506532609665,-0.301452453615744,27.1204941301517,-0.0173124579411568,0.245630893984894,-0.478612401083822,30.622901409538,-0.0172788081613122,-0.158617624937118,-0.0686581669974672,31.2635363883511,1.01797082437591,-6.7133587003273,9.05862300606654,1.5873047099398,-3.9451579421514
"258",258,0.171,0.035,-0.0289032105991812,0.00137652381566388,-0.149316225741266,26.5615013701383,-0.0351430741581016,0.051220158361791,-0.196176824989511,29.981857764928,-0.0302379142822964,-0.0766105920559524,-0.0663169295028691,31.3529978585829,0.981605495919035,-4.23641642883166,4.74015839881661,2.49738686504695,-3.01285742093719
"259",259,0.135,0.046,-0.0380945011831378,0.041383535595313,-0.139010813290885,26.3407964753817,-0.0461834114411764,0.0683888470552294,-0.162454207609209,29.5912117033479,-0.0397412587710181,-0.0324379483804417,-0.0646477209248358,31.4124064495888,0.941174094573031,-3.2340648495126,4.27072397812155,1.72352947413289,-2.76712253592845
"260",260,0.476,0.041,-0.0335510170482655,-0.00920930457058233,-0.439762737782142,26.3797477879234,-0.0258199413446569,-0.200495376674815,-0.25440625658687,29.4653615762919,-0.0354215567306901,-0.378162219296669,-0.0639044533823609,31.4434795287247,0.891878548430737,-3.46658187398059,8.03259095553797,-1.36556927409035,-3.19383878303757
"261",261,0.55,0.04,-0.0326013197952767,-0.0455233180723914,-0.477935800001752,26.593719046004,-0.0133175154427992,-0.096168939967304,-0.440979781432102,29.7901281026128,-0.0345576163226245,-0.438811657629499,-0.0778792908207552,31.4645705970267,0.887396133761166,-4.49446679584626,10.5479136349463,-2.52446454961307,-3.51936246843359
"262",262,0.033,0.077,-0.0639611215718338,0.0869894224816316,-0.0611817220553223,26.5085745394744,-0.076274232136148,0.342529919656148,-0.312107895378051,29.8756572336162,-0.0665234114210521,0.252783522052064,-0.222193860171637,31.5188826020306,0.940781638430463,-4.0350575270486,8.25740214875206,-1.31444297060953,-2.91286375162286
"263",263,0.029,0.099,-0.0828271746551068,0.00299158566973315,0.0531384821958084,26.1350637176352,-0.0994046954757731,0.197923210029939,-0.139163724765562,29.5669158594159,-0.0855301003984956,0.471158030567071,-0.422646719643186,31.6646288196263,0.995840383559649,-2.60123769956702,9.55003266553324,-4.72508687887105,-2.22408388064217
"264",264,0.272,0.107,-0.0892930842097011,-0.118828759534995,-0.0656650347626953,25.9847025073068,-0.106483705869307,-0.101327159082776,-0.0668635564375183,29.3305516353873,-0.0924416236630205,0.250530058292081,-0.434948392150391,31.8442943679735,1.00555231482977,-2.00889382495276,10.2077030330404,-6.03705353489329,-2.15771826154048
"265",265,0.214,0.126,-0.104665931301968,0.0460986265776481,-0.160117522961011,26.0483689169832,-0.126515066969166,-0.0409188581523009,-0.0477796430593117,29.1994674848392,-0.108856491416267,0.283549270913595,-0.39034441318832,31.9917531512085,0.984000001690308,-2.03857721118151,9.99993976903125,-5.54777646423863,-2.40872376203393
"266",266,0.209,0.199,-0.165429877515432,0.0835180272516495,-0.13006009050286,26.1391310186593,-0.1933945219751,0.0593702179031941,-0.0803394163533357,29.1756406084209,-0.171924141205057,0.308316887753673,-0.347850147961063,32.1024846880514,0.967862179538652,-2.24459647572286,9.1690604107694,-4.37689466467657,-2.54373471768808
"267",267,0.357,0.182,-0.151072872742917,-0.0290800471397182,-0.183130625253738,26.0712146628268,-0.17882908165224,-0.093688769379256,-0.0892890359631418,29.1775167204921,-0.157237154267941,0.115914898383523,-0.317100724512995,32.1871253225247,0.977852157265781,-2.11217567453194,9.13252162940216,-4.55005114828401,-2.4649892125199
"268",268,0.14,0.263,-0.220436949700203,0.0238804380581536,0.0561138086500669,26.045501269832,-0.264075100102306,0.217039744079897,-0.095547940418801,29.1845461551416,-0.227216327321256,0.383183395541941,-0.298411578128164,32.2560508587771,0.993737044116477,-1.95810118026383,6.53907707815513,-2.40123407374954,-2.17990274432483
"269",269,0.109,0.333,-0.280455974173262,0.0512991548321576,0.122936481037601,25.8562866899635,-0.334361248418509,0.27596160509098,-0.0528685225181332,29.1203750013684,-0.287692155885849,0.465177090725707,-0.28921047977974,32.3157211581437,1.02583247295938,-1.47539742155066,5.2887204158519,-2.01546547465567,-1.79821598299999
"270",270,0.247,0.318,-0.268185672466102,-0.0755076151819163,0.094731781552485,25.6169697257013,-0.31929993092218,0.0754552831898325,-0.00511671293434949,29.0048982591237,-0.274733049764865,0.308924087899383,-0.281791778098703,32.3673742513808,1.05578193031875,-1.02580759405521,4.92698397888212,-2.44275959673494,-1.45707357194538
"271",271,0.755,0.279,-0.228072395596086,-0.00849524756907689,-0.522293996574908,26.0609492664561,-0.237948728902325,-0.514201393587431,0.0204913632342597,28.9658351606901,-0.241039373850306,-0.245353642052086,-0.269343552958212,32.4101407865636,0.973689819430331,-2.10371645215731,10.2778481098571,-5.25434260490253,-2.90767251221755
"272",272,0.156,0.274,-0.22929871502205,0.00306829707404819,0.0651519364293934,26.1483181814378,-0.275120066266281,0.162026620104052,-0.0475140712380713,29.0262135240419,-0.236719671809978,0.33060292518418,-0.251898780602175,32.4441833103728,0.974395666962291,-2.01417290853679,5.01938506580917,-0.662988164456828,-2.34474549599126
"273",273,0.394,0.266,-0.221022267984849,-0.00947809238672857,-0.170101382035805,26.0198255462111,-0.264440887505281,-0.0976939894857819,-0.0358216122873158,29.0254571132353,-0.229808148545453,0.0681791028978779,-0.23332926477147,32.4709339913507,0.98458310984046,-1.81602718941982,6.7568798949439,-2.55168993857808,-2.38595073915573
"274",274,0.293,0.414,-0.348396195050622,-0.0491121394439736,0.0965255464330728,25.9106093837892,-0.414995260770354,0.149158918019625,-0.029348470730206,29.0019971331562,-0.357671328939163,0.279080101050393,-0.215127531459851,32.4908724978928,1.00863473162365,-1.46225354772277,3.78592052731652,-0.398628301666554,-1.92650416129801
"275",275,0.761,0.315,-0.262482863735269,-0.251942029395834,-0.24891525686277,25.9174409981384,-0.307187634340429,-0.451370242328744,-0.00451180766144085,28.9566785336211,-0.272117176060165,-0.29151082535594,-0.198148275386236,32.5037804446366,0.994133536846173,-1.60448575351144,6.47138980411067,-2.52286006077728,-2.33883510459441
"276",276,0.703,0.357,-0.291409948275584,0.127434765306771,-0.54506900815263,26.4887176796168,-0.30526660110471,-0.207393050310747,-0.158754908090252,29.1475222448777,-0.307567847019044,-0.213470613616853,-0.182958139559505,32.5111859905442,0.890652785518819,-3.6231958160556,10.5165273897187,-3.2569975020908,-3.6237648318805
"277",277,0.573,0.327,-0.266258602477741,0.119312849946744,-0.429544874846279,27.06882445278,-0.253672830010012,0.212871728862633,-0.492092331164139,30.1426552384725,-0.282508513437455,-0.122849869681556,-0.169095877371085,32.5300004884606,0.891252938520032,-6.27603842462279,12.4690687707806,-2.014836217218,-4.17593380260534
"278",278,0.104,0.329,-0.273906461198122,0.1205308599085,0.0474123180807689,26.493076513831,-0.327585094493422,0.382480007244275,-0.168601145007493,29.9002055451709,-0.284236394253586,0.336033584833085,-0.1572513966394,32.565451439796,1.01861908726344,-3.8640746062174,4.45913985317132,2.12708721756336,-2.73250083738386
"279",279,0.468,0.298,-0.247551066576567,-0.0598750857811453,-0.165782735971447,26.1698410698999,-0.285990117301919,-0.116233917235264,-0.0685906664803516,29.5887939128924,-0.257454241603552,-0.064025681314258,-0.14734425154487,32.5991297475356,1.04645903082534,-2.74525632965755,5.28121008270839,-0.00627686350458582,-2.53136254641347
"280",280,0.076,0.298,-0.249940252572093,0.0542286521115969,0.117831292418254,26.0701530556242,-0.299218174260408,0.26971605771631,-0.0498335592643789,29.3896301546499,-0.257454241603552,0.319036723421168,-0.138705961711053,32.6221431715076,1.05508966841897,-2.15696286213207,2.22201031831348,2.05520146277721,-2.12653822129579
"281",281,0.166,0.222,-0.186719382440133,-0.0756423401440884,0.0937362032731461,25.8072295645038,-0.222907498945673,0.0764229661521512,-0.0203947331300717,29.2241439746037,-0.191794770590566,0.156544242707618,-0.131309108028267,32.6319803211309,1.0778914191623,-1.46469755580952,2.00485446930155,1.18208239164131,-1.72529591784796
"282",282,0.171,0.202,-0.168629862820932,0.07269542275578,-0.0747150456656286,25.9128767079244,-0.200533339179839,0.0211302021501148,0.00550695807282795,29.1104320782306,-0.174515962429254,0.127453850675619,-0.124695164415026,32.6298499434952,1.04147217128109,-1.5944344989045,3.21060655220512,0.514906753496267,-2.13157198083572
"283",283,0.519,0.155,-0.128865734428708,-0.153568804238846,-0.237239929324436,25.8822200738036,-0.147542554393859,-0.381851122035137,0.00947382871156326,29.0189007672681,-0.13391076325017,-0.267031159640012,-0.118623610202491,32.6180898601382,1.02839228501601,-1.55926712719691,4.59057591143382,-0.782851913424869,-2.24418029878924
"284",284,0.436,0.115,-0.0948692334775657,0.0141773043044797,-0.361541599817858,26.3207706766189,-0.104002165631298,-0.280902045643642,-0.0545803865686273,29.0849417091877,-0.0993531469275454,-0.224490954728714,-0.113055172419374,32.5997919690401,0.950204270456109,-2.75390389355007,6.29809677496234,-0.438207045416626,-3.10221733052291
"285",285,0.067,0.1,-0.0830484014220693,0.0998293156261635,-0.0882900694603814,26.2645813971412,-0.100408783308862,0.193010491504621,-0.168613416232091,29.2528499781579,-0.0863940408065612,0.12564422760656,-0.10786405932961,32.5816114425588,0.960995665475266,-2.67033094089702,4.73624580327734,0.612205449172762,-2.67924677929778
"286",286,0.136,0.079,-0.0658272720845512,-0.00937531841547639,-0.0643724050640734,26.0806395080298,-0.0793229388140007,0.0664931756201927,-0.127079896795596,29.2782445547088,-0.0682512922371833,0.0351013986812577,-0.103505314715096,32.568436172152,0.997436445409371,-2.20518856553203,4.00423000764933,0.527774628496184,-2.32951644450783
"287",287,0.002,0.047,-0.039320464233341,0.0222630465731698,0.0130914861639428,25.9761365280662,-0.047192128155165,0.126212108333698,-0.0908841859308455,29.2111884387683,-0.0406051991790838,0.138660018306693,-0.100747050029703,32.5577393584961,1.01585042088167,-1.85174722954608,2.84968556802032,1.09016189484592,-2.09292610438145
"288",288,0.303,0.035,-0.0291011454140275,-0.114885053352974,-0.161518723293688,25.9565826438485,-0.0349503328254652,-0.206489171754641,-0.0654611940425463,29.1407427892273,-0.0302379142822964,-0.172776534905771,-0.100904668874619,32.5471746481592,1.00731586226268,-1.79994269125772,4.25753523913424,-0.209457336718343,-2.25044717967031
"289",289,0.33,0.025,-0.0205484168105887,0.070260191600595,-0.38680809302472,26.2458333868768,-0.0226632608866539,-0.181665213370071,-0.125606257625973,29.1923371187411,-0.0215985102016403,-0.20506769387831,-0.104256792975034,32.5365101735678,0.948753580551798,-2.7176182406516,7.06824810113288,-1.357725730263,-2.9869139760845
"290",290,0.352,0.024,-0.0198060989261373,-0.0219486396836316,-0.315832241556402,26.3029224118031,-0.0203025981236312,-0.0945111064810789,-0.245224514917597,29.404759760757,-0.0207345697935747,-0.221716453753073,-0.110915299429165,32.5317972668182,0.954620323916026,-3.10308258200238,7.72689725876743,-1.65864204538838,-2.95795404705783
"291",291,0.096,0.01,-0.00829865960443901,-0.00309457128551913,-0.0883165750474837,26.3412957350469,-0.0100353688980667,0.172227640789962,-0.271003669527281,29.6358946455096,-0.00863940408065612,0.0299227704165533,-0.118432764317579,32.5400283751289,0.989027700158073,-3.30738890068351,5.97728715652526,0.0716614567948688,-2.74341099279669
"292",292,0.128,0.018,-0.0148975362817455,0.0583467980777746,-0.177184849162516,26.2504324137787,-0.0180223421257871,0.0620780038290652,-0.176729045270856,29.5578188500354,-0.015550927345181,0.0112797006439406,-0.124537860806382,32.5583838567712,1.00635724211885,-2.98116961949278,6.00374193000408,-0.324801625721166,-2.69726189191342
"293",293,0.01,0.01,-0.00833682316172274,0.0126591536253046,-0.0152877761431531,26.1918253587176,-0.0100408783308862,0.160730771847425,-0.176173489605572,29.5220804454344,-0.00863940408065612,0.123861694736299,-0.126680954606458,32.5700146769569,1.02313014029532,-2.70269441711028,4.50398060341117,0.633608988165328,-2.43831863372484
